study,instrument,name,item,text,text_de,answer_list,instruction,instruction_de,description,description_de,filter,goto,concept,scale
scp,2021_1,mode,mode,Survey Mode,Erhebungsmodus,mode,,,,,,,,cat
scp,2021_1,Q0,ZG,Targetgroup,Zielgruppe,1234,,,,,,,,cat
scp,2021_1,Q1,1,"One can have different views on how people should live together in a society. To what extent do the following statements correspond to your beliefs?
For me, living well together in a society means that ...","Man kann unterschiedliche Auffassungen darüber haben, wie das Zusammenleben der Menschen in einer Gesellschaft aussehen sollte. Wie sehr entsprechen die folgenden Aussagen Ihren persönlichen Vorstellungen? Ein gutes Zusammenleben in einer Gesellschaft bedeutet für mich, dass …",,,,,,,,,txt
scp,2021_1,Q1,pcohes01,... everyone has their own place in society.,… jeder seinen festen Platz in der Gesellschaft hat.,216,,,,,,,,cat
scp,2021_1,Q1,pcohes02,... everyone can develop freely according to their abilities and inclinations.,… sich jeder seinen Fähigkeiten und Neigungen entsprechend frei entfalten kann.,216,,,,,,,,cat
scp,2021_1,Q1,pcohes03,"... all share the same values, customs, and traditions.","… alle die gleichen Werte, Sitten und Gebräuche teilen.",216,,,,,,,,cat
scp,2021_1,Q1,pcohes04,... people from different cultural backgrounds live together.,… Menschen aus unterschiedlichen Kulturkreisen miteinander leben.,216,,,,,,,,cat
scp,2021_1,Q1,pcohes05,... everyone abides by law and order.,… sich alle an Recht und Ordnung halten.,216,,,,,,,,cat
scp,2021_1,Q1,pcohes06,... everyone can live the way they want to.,"… jeder so leben kann, wie er es möchte.",216,,,,,,,,cat
scp,2021_1,Q1,pcohes07,... differences of opinion are discussed and compromises are worked out.,… Meinungsunterschiede ausdiskutiert und Kompromisse erarbeitet werden.,216,,,,,,,,cat
scp,2021_1,Q1,pcohes08,... someone is there who tells what to do.,"… jemand da ist, der sagt, wo es lang geht.",216,,,,,,,,cat
scp,2021_1,Q1,pcohes09,… the cohesion in the families and in the neighborhood is close.,… der Zusammenhalt in den Familien und in der Nachbarschaft eng ist.,216,,,,,,,,cat
scp,2021_1,Q1,pcohes10,… one can live unattached and is not dependent on others.,… man ungebunden leben kann und nicht auf andere angewiesen ist.,216,,,,,,,,cat
scp,2021_1,Q1,pcohes11,... everyone has an equal chance to influence political decisions.,"… jeder die gleiche Chance hat, politische Entscheidungen zu beeinflussen.",216,,,,,,,,cat
scp,2021_1,Q1,pcohes12,... everyone is prepared to self-restrict for the good of society.,"… jeder bereit ist, eigene Einschränkungen zum Wohl der Gesellschaft auf sich zu nehmen.",216,,,,,,,,cat
scp,2021_1,Q2,plifeuse,Do you have the feeling that what you are doing in your life is valuable and useful?,"Haben Sie das Gefühl, dass das, was Sie in Ihrem Leben machen, wertvoll und nützlich ist?",20,"Please rate on a scale from 0 to 10, where 0 means 'not at all valuable or useful' and 10 means 'completely valuable and useful'. You can use the values in between to make your estimate.",Bitte antworten Sie mit den Werten von 0 „Überhaupt nicht wertvoll und nützlich“ bis 10 „Vollkommen wertvoll und nützlich“. Mit den anderen Werten können Sie Ihre Meinung abstufen.,,,,,,cat
scp,2021_1,Q3,plifesat,"Now we would like to ask you about your satisfaction with your life in general. How satisfied are you with your life, all things considered? ","Nun möchten wir Sie nach Ihrer Zufriedenheit mit Ihrem Leben insgesamt fragen. Wie zufrieden sind Sie gegenwärtig, alles in allem, mit Ihrem Leben?",18,"Please rate on a scale from 0 to 10, where 0 means 'Completely dissatisfied' and 10 means 'Completely satisfied'. ","Bitte antworten Sie mit den Werten von 0 „Ganz und gar unzufrieden"" bis 10 „Ganz und gar zufrieden”.",,,,,,cat
scp,2021_1,Q4,ppolatt,"In politics, people often talk about 'left' and 'right' to mark different political attitudes. If you think about your own political attitude: Where would you place yourself?","In der Politik reden die Leute oft von ,,links“ und ,,rechts“, wenn es darum geht unterschiedliche politische Einstellungen zu kennzeichnen. Wenn Sie an Ihre eigenen politischen Ansichten denken: Wo würden Sie Ihre Ansichten einstufen?",228,Please answer on the following scale. 0 means 'Entirely left' and 10 means 'Entirely right'.,"Bitte antworten Sie mit den Werten von 0 ,,Ganz links“ bis 10 ,,Ganz rechts“.",,,,,,cat
scp,2021_1,Q5,pgender,What gender are you?,Welches Geschlecht haben Sie?,211,,,,,,,,cat
scp,2021_1,Q6,6,When were you born?,Wann sind Sie geboren?,,,,,,,,,txt
scp,2021_1,Q6,pbirthmnth,Month,Monat,,,,,,,,,int
scp,2021_1,Q6,pbirthyear,Year,Jahr,,,,,,,,,int
scp,2021_1,Q7,pfamstat,What is your marital status?,Wie ist Ihr Familienstand?,27,,,,,,,,cat
scp,2021_1,Q8,pcohab,Are you living with a partner in the household?,Leben Sie mit einem Partner/einer Partnerin zusammen im Haushalt?,1+99,,,,,,,,cat
scp,2021_1,Q9,9,"Next, we are looking at measures against the COVID-19 pandemic. To what extent do you agree with the following statements?",Nun geht es um Maßnahmen gegen die Corona-Pandemie. Inwiefern stimmen Sie den folgenden Aussagen zu?,,,,,,,,,txt
scp,2021_1,Q9,pcov01,The protection of life should take precedence over everything else during the pandemic.,Dem Schutz des Lebens sollte in Zeiten der Pandemie alles andere untergeordnet werden.,147,,,,,,,,cat
scp,2021_1,Q9,pcov02,Measures to combat the pandemic are only justifiable if they can be carried economically.,"Es sind nur solche Maßnahmen zur Bekämpfung der Pandemie vertretbar, die auch wirtschaftlich gestemmt werden können.",147,,,,,,,,cat
scp,2021_1,Q9,pcov03,Measures to combat the pandemic that restrict civil liberties must be rejected.,"Jede Maßnahme zur Bekämpfung der Pandemie, die die Freiheitsrechte einschränkt, ist abzulehnen.",147,,,,,,,,cat
scp,2021_1,Q9,pcov04,People should decide for themselves how to deal with the pandemic.,"Die Menschen sollten selbst entscheiden, wie sie mit der Pandemie umgehen.",147,,,,,,,,cat
scp,2021_1,Q10,pcovmeas,Overall: How do you evaluate the legal measures and regulations to curb the COVID-19 pandemic?,Insgesamt betrachtet: Wie bewerten Sie die gesetzlichen Maßnahmen und Regelungen zur Begrenzung der Corona-Pandemie?,230,Please rate on a scale from 0 to 10.,Bitte antworten Sie mit den Werten von 0 bis 10.,,,,,,cat
scp,2021_1,Q11,pcovlim,To what extent do you feel that _your personal life_ is constrained by the COVID-19 pandemic and related measures?,Wie sehr fühlen Sie sich durch die Corona-Pandemie und die damit verbundenen Maßnahmen _in Ihrem persönlichen Leben_ eingeschränkt?,777,Please rate on a scale from 0 to 10.,Bitte antworten Sie mit den Werten von 0 bis 10.,,,,,,cat
scp,2021_1,Q12,12,"Sometimes you find yourself in situations where you need help or support.
Do you have people ...","Manchmal kommt man in Situationen, in denen man Hilfe oder Unterstützung benötigt. Haben Sie Personen, …",,,,,,,,,txt
scp,2021_1,Q12,psuppo01,... with whom you can discuss intimate and personal matters?,… mit denen Sie über vertrauliche und persönliche Angelegenheiten reden können?,1+99,[de] … with whom you can discuss intimate and personal matters?,… with whom you can discuss intimate and personal matters?,,,,,,cat
scp,2021_1,Q12,psuppo02,... that help you progress in your job or training?,… die Ihnen helfen im Beruf oder in der Ausbildung voranzukommen?,223_1,,,,,,,,cat
scp,2021_1,Q12,psuppo03,... who would help you with financial or legal problems?,… die Ihnen bei finanziellen oder rechtlichen Problemen helfen würden?,1+99,,,,,,,,cat
scp,2021_1,Q12,psuppo04,... who would care for you in the event of a long-term illness or after a severe accident?,… die Sie im Falle einer langen Krankheit oder nach einem schweren Unfall pflegen würden?,1+99,,,,,,,,cat
scp,2021_1,Q13,pgentrust,"Generally speaking: would you say that most people can be trusted, or that you can’t be too careful in dealing with people? ","Ganz allgemein gesprochen: Glauben Sie, dass man den meisten Menschen vertrauen kann, oder dass man im Umgang mit anderen Menschen nicht vorsichtig genug sein kann? ",222,Please rate on a scale from 0 to 10.,Bitte antworten Sie mit den Werten von 0 bis 10.,,,,,,cat
scp,2021_1,Q14,14,How much you personally trust each of the organizations or institutions. How about ...,Wie sehr vertrauen Sie persönlich den folgenden öffentlichen Einrichtungen oder Organisationen? Wie ist das mit ...,,,,,,,,,txt
scp,2021_1,Q14,pinsttrust01,... the Federal Government?,… der Bundesregierung?,221,,,,,,,,cat
scp,2021_1,Q14,pinsttrust02,… Germany’s parliament ?,… dem Bundestag?,221,,,,,,,,cat
scp,2021_1,Q14,pinsttrust03,… the legal system?,… der Justiz?,221,,,,,,,,cat
scp,2021_1,Q14,pinsttrust04,... authorities and public administration?,… Behörden und öffentlicher Verwaltung?,221,,,,,,,,cat
scp,2021_1,Q14,pinsttrust05,... public broadcasting?,… dem öffentlich-rechtlichen Rundfunk?,221,,,,,,,,cat
scp,2021_1,Q14,pinsttrust06,"... large internet companies (e.g. Google, Facebook, Twitter)?","… großen Internetunternehmen (z.B. Google, Facebook, Twitter)?",221,,,,,,,,cat
scp,2021_1,Q14,pinsttrust07,… the police?,… der Polizei?,221,,,,,,,,cat
scp,2021_1,Q14,pinsttrust08,… the political parties?,… den Parteien?,221,,,,,,,,cat
scp,2021_1,Q14,pinsttrust09,… the European Union?,… der Europäischen Union?,221,,,,,,,,cat
scp,2021_1,Q14,pinsttrust10,... the sciences?,… der Wissenschaft?,221,,,,,,,,cat
scp,2021_1,Q14,pinsttrust11,"... civil society organisations (e.g. environmental associations, human rights groups, citizens’ initiatives)?","… zivilgesellschaftlichen Organisationen (z.B. Umweltverbände, Menschenrechtsgruppen, Bürgerinitiativen)?",221,,,,,,,,cat
scp,2021_1,Q15a,porigin,In what country were you born?,In welchem Land sind Sie geboren?,62,,,,,,,,cat
scp,2021_1,Q15b,pothcount,In which other country were you born?,In welchem anderen Land sind Sie geboren?,,"If there have been political changes over time, please state the country’s present-day name.","Bei politischen Veränderungen im Laufe der Jahre, geben Sie bitte die heutige, gegebenenfalls deutsche Bezeichnung an.",,,Q15a: porigin=2,,,chr
scp,2021_1,Q15c,pgermstay,"Since when do you mainly live in Germany? 
Since the year","Seit wann leben Sie hauptsächlich in Deutschland? 
Seit dem Jahr",,,,,,Q15a: porigin=2,,,int
scp,2021_1,Q16a,16,Which citizenship do you have?,Welche Staatsbürgerschaft haben Sie?,,Please indicate _everything_ that applies.,"Bitte geben Sie _alles_ an, was zutrifft.",,,,,,txt
scp,2021_1,Q16a,pnation01,German,Die deutsche,,,,,,,,,bin
scp,2021_1,Q16a,pnation02,Another,Eine andere,,,,,,,,,bin
scp,2021_1,Q16b,pnatoth,What other citizenship do you have?,Welche andere Staatsbürgerschaft haben Sie?,,,,,,Q16: pnation02=1,,,chr
scp,2021_1,Q17,17,"Next, we would like to know more about the origins of your parents and grandparents.",Nun möchten wir etwas über die Herkunft Ihrer Eltern und Großeltern erfahren.,,,,,,,,,txt
scp,2021_1,Q17,pmigback01,Were both your parents born in Germany?,Sind Ihre Eltern beide in Deutschland geboren?,1+99,,,,,,,,cat
scp,2021_1,Q17,pmigback02,Were all of your grandparents born in Germany?,Sind Ihre Großeltern alle in Deutschland geboren?,1+99,,,,,,,,cat
scp,2021_1,Q18,preligion,Whether you are a member of a church or religious community or not: do you feel that you belong to a particular religion or confession?,"Unabhängig davon, ob Sie Mitglied oder Angehöriger einer Kirche oder Religionsgemeinschaft sind, fühlen Sie sich einer bestimmten Religion oder Konfession zugehörig?",232,,,,,,,,cat
scp,2021_1,Q19,pdemocfit,"To what extent do you agree with the following statement?
Democracy is the political system that suits our society best.","Inwiefern stimmen Sie der folgenden Aussage zu?
Die Demokratie ist das politische System, das am besten zu unserer Gesellschaft passt.",147,,,,,,,,cat
scp,2021_1,Q20,pdemocsat,How satisfied are you with the way democracy works in Germany?,"Wie zufrieden sind Sie alles in allem mit der Art und Weise, wie die Demokratie in Deutschland funktioniert?",18,Please rate on a scale from 0 to 10.,Bitte antworten Sie mit den Werten von 0 bis 10.,,,,,,cat
scp,2021_1,Q21,pclimsor,How worried are you about climate change?,Wie besorgt sind Sie über den Klimawandel?,217,,,,,,,,cat
scp,2021_1,Q22,pclimcon,How convinced are you that taking action now can still stop climate change?,"Wie sehr sind Sie davon überzeugt, dass man durch Maßnahmen den Klimawandel noch aufhalten kann?",218,,,,,,,,cat
scp,2021_1,Q23,23,How often do you experience the following _in your family_?,Wie häufig machen Sie _in Ihrer Familie_ die folgenden Erfahrungen?,,,,,,,,,txt
scp,2021_1,Q23,pfamexp01,There are disagreements or tensions that can be resolved.,"Es gibt Meinungsverschiedenheiten oder Spannungen, für die Lösungen gefunden werden.",227,,,,,,,,cat
scp,2021_1,Q23,pfamexp02,There are disagreements or tensions that _cannot_ be resolved.,"Es gibt Meinungsverschiedenheiten oder Spannungen, für die _keine_ Lösungen gefunden werden.",227,,,,,,,,cat
scp,2021_1,Q23,pfamexp03,I feel valued as a person.,Ich werde als Person wertgeschätzt.,227,,,,,,,,cat
scp,2021_1,Q23,pfamexp04,I have the feeling that others look down on me.,"Ich habe das Gefühl, dass andere auf mich herabsehen.",227,,,,,,,,cat
scp,2021_1,Q23,pfamexp05,There is a sense of togetherness.,Es herrscht ein Gefühl der Zusammengehörigkeit.,227,,,,,,,,cat
scp,2021_1,Q23,pfamexp06,"When I need help and support, I get it.","Wenn ich Hilfe und Unterstützung brauche, erhalte ich diese auch.",227,,,,,,,,cat
scp,2021_1,Q24,24,How often do you experience the following _at your workplace/work_?,Wie häufig machen Sie _an Ihrem Arbeitsplatz/bei Ihrer Arbeit_ die folgenden Erfahrungen?,,,,,,,,,txt
scp,2021_1,Q24,pworkexp01,There are disagreements or tensions that can be resolved.,"Es gibt Meinungsverschiedenheiten oder Spannungen, für die Lösungen gefunden werden.",227_1,,,,,,,,cat
scp,2021_1,Q24,pworkexp02,There are disagreements or tensions that _cannot_ be resolved.,"Es gibt Meinungsverschiedenheiten oder Spannungen, für die _keine_ Lösungen gefunden werden.",227,,,,,Q24: pworkexp01=1:5,,,cat
scp,2021_1,Q24,pworkexp03,I feel valued as a person.,Ich werde als Person wertgeschätzt.,227,,,,,Q24: pworkexp01=1:5,,,cat
scp,2021_1,Q24,pworkexp04,I have the feeling that others look down on me.,"Ich habe das Gefühl, dass andere auf mich herabsehen.",227,,,,,Q24: pworkexp01=1:5,,,cat
scp,2021_1,Q24,pworkexp05,There is a sense of togetherness.,Es herrscht ein Gefühl der Zusammengehörigkeit.,227,,,,,Q24: pworkexp01=1:5,,,cat
scp,2021_1,Q24,pworkexp06,"When I need help and support, I get it.","Wenn ich Hilfe und Unterstützung brauche, erhalte ich diese auch.",227,,,,,Q24: pworkexp01=1:5,,,cat
scp,2021_1,Q25,25,How often do you experience the following _in your neighbourhood_?,Wie häufig machen Sie _in Ihrer Nachbarschaft_ die folgenden Erfahrungen?,,,,,,,,,txt
scp,2021_1,Q25,pneighexp01,There are disagreements or tensions that can be resolved.,"Es gibt Meinungsverschiedenheiten oder Spannungen, für die Lösungen gefunden werden.",227,,,,,,,,cat
scp,2021_1,Q25,pneighexp02,There are disagreements or tensions that _cannot_ be resolved.,"Es gibt Meinungsverschiedenheiten oder Spannungen, für die _keine_ Lösungen gefunden werden.",227,,,,,,,,cat
scp,2021_1,Q25,pneighexp03,I feel valued as a person.,Ich werde als Person wertgeschätzt.,227,,,,,,,,cat
scp,2021_1,Q25,pneighexp04,I have the feeling that others look down on me.,"Ich habe das Gefühl, dass andere auf mich herabsehen.",227,,,,,,,,cat
scp,2021_1,Q25,pneighexp05,There is a sense of togetherness.,Es herrscht ein Gefühl der Zusammengehörigkeit.,227,,,,,,,,cat
scp,2021_1,Q25,pneighexp06,"When I need help and support, I get it.","Wenn ich Hilfe und Unterstützung brauche, erhalte ich diese auch.",227,,,,,,,,cat
scp,2021_1,Q26,26,To what extent do you agree with the following statements?,Inwieweit stimmen Sie den folgenden Aussagen zu?,,,,,,,,,txt
scp,2021_1,Q26,punivtrad01,Maintaining Germany’s traditions is important to me.,Die Tradition Deutschlands zu pflegen ist mir wichtig.,147,,,,,,,,cat
scp,2021_1,Q26,punivtrad02,I try to stick to the customs and traditions handed down to me by my religion or family.,"Ich versuche, mich an die Sitten und Gebräuche zu halten, die mir von meiner Religion oder meiner Familie überliefert wurden.",147,,,,,,,,cat
scp,2021_1,Q26,punivtrad03,"Germany has its own culture and values, which it must protect at all costs.","Deutschland hat seine eigene Kultur und Werte, die es unbedingt schützen muss.",147,,,,,,,,cat
scp,2021_1,Q26,punivtrad04,"I value the diversity of lifestyles, cultures, and religions in Germany.","Ich schätze die Vielfalt von Lebensstilen, Kulturen und Religionen in Deutschland.",147,,,,,,,,cat
scp,2021_1,Q26,punivtrad05,It is to the benefit of Germany to have a diversity of different cultures.,"Es ist besser für Deutschland, wenn es eine Vielfalt unterschiedlicher Kulturen gibt.",147,,,,,,,,cat
scp,2021_1,Q26,punivtrad06,"I believe that everyone should have the right to live in any country of their choice, wherever that is.","Ich glaube, dass jeder Mensch das Recht haben sollte, in jedem Land der Welt zu leben, wo immer das auch ist.",147,,,,,,,,cat
scp,2021_1,Q27,27,What feelings do you have towards people who ...,"Welche Gefühle haben Sie gegenüber Personen, die …",,,,,,,,,txt
scp,2021_1,Q27,pgrpsymp01,... live in a big city?,… in einer Großstadt leben?,225,,,,,,,,cat
scp,2021_1,Q27,pgrpsymp02,... live in the countryside?,... auf dem Land leben?,225,,,,,,,,cat
scp,2021_1,Q27,pgrpsymp03,... come from East Germany?,... aus Ostdeutschland kommen?,225,,,,,,,,cat
scp,2021_1,Q27,pgrpsymp04,... come from West Germany?,... aus Westdeutschland kommen?,225,,,,,,,,cat
scp,2021_1,Q27,pgrpsymp05,... have German citizenship?,... die deutsche Staatsbürgerschaft besitzen?,225,,,,,,,,cat
scp,2021_1,Q27,pgrpsymp06,... have immigrated to Germany?,... nach Deutschland eingewandert sind?,225,,,,,,,,cat
scp,2021_1,Q27,pgrpsymp07,... are devout Muslims?,... gläubige Muslime sind?,225,,,,,,,,cat
scp,2021_1,Q27,pgrpsymp08,... are devout Christians?,... gläubige Christen sind?,225,,,,,,,,cat
scp,2021_1,Q27,pgrpsymp09,... have a university degree?,... einen Universitätsabschluss haben?,225,,,,,,,,cat
scp,2021_1,Q27,pgrpsymp10,... do not have an educational qualification?,... keinen Ausbildungsabschluss haben?,225,,,,,,,,cat
scp,2021_1,Q27,pgrpsymp11,"... have very little money (e.g. live on Hartz IV/basic benefits, work at minimum wage)?","... sehr wenig Geld haben (z.B. leben von Hartz IV/Grundsicherung, arbeiten zum Mindestlohn)?",225,,,,,,,,cat
scp,2021_1,Q27,pgrpsymp12,"... have a plenty of money (e.g. are millionaires, own several houses)?","... sehr viel Geld haben (z.B. sind Millionäre, besitzen mehrere Häuser)?",225,,,,,,,,cat
scp,2021_1,Q27,pgrpsymp13,... are politically left-wing?,... politisch links eingestellt sind?,225,,,,,,,,cat
scp,2021_1,Q27,pgrpsymp14,... are politically right-wing?,... politisch rechts eingestellt sind?,225,,,,,,,,cat
scp,2021_1,Q27,pgrpsymp15,... sympathise with Die Grünen?,... mit der Partei Die Grünen sympathisieren?,225,,,,,,,,cat
scp,2021_1,Q27,pgrpsymp16,... sympathise with Alternative für Deutschland (AfD)?,... mit der Partei Alternative für Deutschland (AfD) sympathisieren?,225,,,,,,,,cat
scp,2021_1,Q27,pgrpsymp17,... are homosexual?,... homosexuell sind?,225,,,,,,,,cat
scp,2021_1,Q28,28,"Next, your circle of acquaintances. We define acquaintances as people whose names you know and with whom you would have a brief conversation if you met them on the street or while shopping. 
How many of your acquaintances ...","Jetzt geht es um Ihren Bekanntenkreis. Damit meinen wir Personen, deren Namen Sie kennen und mit denen Sie sich kurz unterhalten würden, wenn Sie sie auf der Straße oder beim Einkaufen treffen. 
Wie viele von Ihren Bekannten …",,,,,,,,,txt
scp,2021_1,Q28,pgrpknow01,... live in a big city?,... leben in einer Großstadt?,226,,,,,,,,cat
scp,2021_1,Q28,pgrpknow02,... live in the countryside?,... leben auf dem Land?,226,,,,,,,,cat
scp,2021_1,Q28,pgrpknow03,... come from East Germany?,... kommen aus Ostdeutschland?,226,,,,,,,,cat
scp,2021_1,Q28,pgrpknow04,... come from West Germany?,... kommen aus Westdeutschland?,226,,,,,,,,cat
scp,2021_1,Q28,pgrpknow05,... have German citizenship?,... besitzen die deutsche Staatsbürgerschaft?,226,,,,,,,,cat
scp,2021_1,Q28,pgrpknow06,... have immigrated to Germany?,... sind nach Deutschland eingewandert?,226,,,,,,,,cat
scp,2021_1,Q28,pgrpknow07,... are devout Muslims?,... sind gläubige Muslime?,226,,,,,,,,cat
scp,2021_1,Q28,pgrpknow08,... are devout Christians?,... sind gläubige Christen?,226,,,,,,,,cat
scp,2021_1,Q28,pgrpknow09,… have a university degree?,... haben einen Universitätsabschluss?,226,,,,,,,,cat
scp,2021_1,Q28,pgrpknow10,... do not have an educational qualification?,... haben keinen Ausbildungsabschluss?,226,,,,,,,,cat
scp,2021_1,Q28,pgrpknow11,"... have very little money (e.g. live on Hartz IV/basic benefits, work at minimum wage)?","... haben sehr wenig Geld (z.B. leben von Hartz IV/Grundsicherung, arbeiten zum Mindestlohn)?",226,,,,,,,,cat
scp,2021_1,Q28,pgrpknow12,"... have a plenty of money (e.g. are millionaires, own several houses)?","... haben sehr viel Geld (z.B. sind Millionäre, besitzen mehrere Häuser)?",226,,,,,,,,cat
scp,2021_1,Q28,pgrpknow13,... are politically left-wing?,... sind politisch links eingestellt?,226,,,,,,,,cat
scp,2021_1,Q28,pgrpknow14,... are politically right-wing?,... sind politisch rechts eingestellt?,226,,,,,,,,cat
scp,2021_1,Q28,pgrpknow15,... sympathise with Die Grünen?,... sympathisieren mit der Partei Die Grünen?,226,,,,,,,,cat
scp,2021_1,Q28,pgrpknow16,... sympathise with Alternative für Deutschland (AfD)?,... sympathisieren mit der Partei Alternative für Deutschland (AfD)?,226,,,,,,,,cat
scp,2021_1,Q28,pgrpknow17,... are homosexual?,... sind homosexuell?,226,,,,,,,,cat
scp,2021_1,Q29,pfreespeech,"Next, we are looking at freedom of expression. Do you feel able to say what you really think?","Nun geht es um Meinungsfreiheit. Fühlen Sie sich frei zu sagen, was Sie wirklich denken?",1+99,,,,,,,,cat
scp,2021_1,Q30,30,"If you freely say what you really think:
How likely is it that ...","Wenn Sie frei sagen, was Sie wirklich denken: Wie wahrscheinlich ist es, dass …",,,,,,,,,txt
scp,2021_1,Q30,pfrspcons01,... others contradict you?,… andere Ihnen widersprechen?,220,,,,,,,,cat
scp,2021_1,Q30,pfrspcons02,... others feel offended?,… andere sich beleidigt fühlen?,220,,,,,,,,cat
scp,2021_1,Q30,pfrspcons03,... you are called extreme or radical?,… man sie als extrem oder radikal bezeichnet?,220,,,,,,,,cat
scp,2021_1,Q30,pfrspcons04,"... your person will be attacked on social media (e.g. Facebook, Twitter, et cetera.)?","… man sie persönlich in den sozialen Medien (z.B. Facebook, Twitter usw.) attackiert?",220,,,,,,,,cat
scp,2021_1,Q30,pfrspcons05,... your friends and acquaintances will turn away from you?,… sich Ihre Freunde und Bekannten von Ihnen abwenden?,220,,,,,,,,cat
scp,2021_1,Q30,pfrspcons06,... it will harm you professionally?,… es Ihnen beruflich schadet?,220,,,,,,,,cat
scp,2021_1,Q30,pfrspcons07,... there will be legal problems?,… es rechtliche Probleme gibt?,220,,,,,,,,cat
scp,2021_1,Q31,31,"Next, we are looking at the political situation in Germany. To what extent do you agree with the following statements?",Nun geht es um die politische Situation in Deutschland. Inwieweit stimmen Sie den folgenden Aussagen zu?,,,,,,,,,txt
scp,2021_1,Q31,ppopul01,Politicians in Parliament very quickly lose touch with ordinary people.,Die Abgeordneten im Parlament verlieren ziemlich schnell den Kontakt mit dem Volk.,147,,,,,,,,cat
scp,2021_1,Q31,ppopul02,People like me have no influence on what the government does.,"Leute wie ich haben keinen Einfluss darauf, was die Regierung macht.",147,,,,,,,,cat
scp,2021_1,Q31,ppopul03,Politicians talk too much and take too little action.,Politiker reden zu viel und handeln zu wenig.,147,,,,,,,,cat
scp,2021_1,Q31,ppopul04,The people should have the final say on the most important political issues by voting on them directly in referendums.,Das Volk sollte bei den wichtigsten politischen Sachfragen mittels Volksabstimmungen das letzte Wort haben.,147,,,,,,,,cat
scp,2021_1,Q31,ppopul05,The people should be asked whenever important decisions are taken.,Das Volk sollte bei allen wichtigen Entscheidungen gefragt werden.,147,,,,,,,,cat
scp,2021_1,Q31,ppopul06,"The people, not the politicians, should make our most important policy decisions.",Das Volk und nicht die Politiker sollten die wichtigsten politischen Entscheidungen treffen.,147,,,,,,,,cat
scp,2021_1,Q31,ppopul07,Ordinary people all pull together.,Die einfachen Leute ziehen alle an einem Strang.,147,,,,,,,,cat
scp,2021_1,Q31,ppopul08,Ordinary people are of good and honest character.,Einfache Leute verbindet ein guter und ehrlicher Charakter.,147,,,,,,,,cat
scp,2021_1,Q31,ppopul09,Ordinary people share the same values and interests.,Die einfachen Leute teilen gemeinsame Werte und Interessen.,147,,,,,,,,cat
scp,2021_1,Q32,pladder01,"Imagine a ladder representing the different social strata in Germany. 
At the top of the ladder, on the tenth rung, are the people who are doing best: They have the most money, the best education, and a highly prestigious job. At the bottom of the ladder, on the first rung, are the people who are doing the worst: They have the least money, the lowest level of education, and are unemployed or have a job that no one wants or respects. 
Please think about where you currently stand on the ladder. On a scale of 1 (bottom) to 10 (top), please indicate which rung of the ladder corresponds to _your current position_ in society.","Stellen Sie sich vor, dass eine Leiter die verschiedenen Schichten der Gesellschaft in der Bundesrepublik darstellt. Oben auf der Leiter - auf Sprosse 10 - stehen die Leute, denen es am besten geht: Sie haben das meiste Geld, die beste Bildung und einen Beruf mit hohem Ansehen. Unten auf der Leiter - auf Sprosse 1 - stehen die Leute, denen es am schlechtesten geht: Sie haben am wenigsten Geld, die geringste Bildung und keine Arbeit oder einen Job, den niemand will oder achtet. Geben Sie bitte an, welche Sprosse der Leiter _Ihrer gegenwärtigen Position_ in der Gesellschaft entspricht.",198_2,,,,,,,,cat
scp,2021_1,Q33,preldepriv,"Compared with how others live in Germany: Do you think you get your fair share, or do you get more or less than your fair share?","Im Vergleich dazu, wie andere Menschen hier in Deutschland leben: Glauben Sie, dass Sie persönlich Ihren gerechten Anteil erhalten, oder erhalten Sie persönlich mehr oder weniger als Ihren gerechten Anteil?",224,,,,,,,,cat
scp,2021_1,Q34,pedu01,What is the _highest_ school-leaving certificate that you’ve earned?,Welchen _höchsten_ allgemeinbildenden Schulabschluss haben Sie?,233,"If you graduated abroad, please state the comparable degree.",Bei Abschluss im Ausland geben Sie bitte den vergleichbaren Abschluss an.,,,,,,cat
scp,2021_1,Q34,peduoth01,Please indicate any other degree,Bitte sonstigen Abschluss eintragen,,,,,,Q34:pedu01=6,,,chr
scp,2021_1,Q35,pedu02,What is the _highest_ educational qualification you’ve earned?,Und welchen _höchsten_ Ausbildungsabschluss haben Sie?,234,"If you graduated abroad, please state the comparable degree.",Bei Abschluss im Ausland geben Sie bitte den vergleichbaren Abschluss an.,,,,,,cat
scp,2021_1,Q36,pempstat1,What is your current employment situation?,In welcher Erwerbssituation sind Sie derzeit?,235,,,,,,,,cat
scp,2021_1,Q37,pgainemp,Were you once in full-time or part-time employment?,Waren Sie früher einmal voll- oder teilzeiterwerbstätig?,1+99,,,,,Q36: pempstat1=6:13,,,cat
scp,2021_1,Q38,38,"Next, we are looking at your current main occupation.",Nun geht es um Ihre derzeitige Haupterwerbstätigkeit.,,,,,,Q36: pempstat1=1:5,,,txt
scp,2021_1,Q38,pempcond01,Do you work for a public sector employer?,"Gehört der Betrieb, in dem Sie arbeiten, zum öffentlichen Dienst?",1+99,,,,,Q36: pempstat1=1:5,,,cat
scp,2021_1,Q38,pempcond02,"In your position at work, do you supervise others? In other words, do people work under your direction?","Sind Sie anderen bei der Arbeit leitend vorgesetzt, d.h. dass Personen nach Ihren Anweisungen arbeiten?",1+99,,,,,Q36: pempstat1=1:5,,,cat
scp,2021_1,Q38,pempcond03,"Is this work through a temporary employment agency (Zeitarbeit, Leiharbeit)?",Handelt es sich um ein Zeitarbeits- bzw. Leiharbeitsverhältnis?,1+99,,,,,Q36: pempstat1=1:5,,,cat
scp,2021_1,Q39,pcontract,Do you have a fixed-term or permanent employment contract?,Haben Sie einen unbefristeten Arbeitsvertrag oder ein befristetes Arbeitsverhältnis?,82,,,,,Q36: pempstat1=1:5,,,cat
scp,2021_1,Q40,poccupation,What is your current or most recent position/occupation?,Welche berufliche Tätigkeit üben Sie derzeit aus bzw. haben Sie zuletzt ausgeübt?,,"Please state the exact title (if possible in German). For example, do not write „kaufmännische Angestellte” (clerk), but „Speditionskauffrau” (shipping clerk); not „Arbeiter” (blue-collar worker), but „Maschinenschlosser” (machine metalworker). If you are a civil servant, please give your official title, for example, „Polizeimeister” (police chief) or „Studienrat” (secondary school teacher). If you are an apprentice or in vocational training, please state the occupation for which you were trained.","Bitte geben Sie die genaue Tätigkeitsbezeichnung an, also z.B. nicht „kaufmännische/r Angestellte/r“, sondern: „Speditionskauffrau/mann“, nicht „Arbeiter/in“, sondern: „Maschinenschlosser/in“. Wenn Sie Beamte/r sind, geben Sie bitte Ihre Amtsbezeichnung an, z.B. „Polizeimeister/in“, oder „Studienrat/rätin“. Wenn Sie in Ausbildung sind, geben Sie bitte Ihren Ausbildungsberuf an. ",,,Q36: pempstat1=1:5 | Q37: pgainemp=1,,,chr
scp,2021_1,Q41,poccstat,In what professional position are/were you _primarily_ employed last?,In welcher beruflichen Stellung sind Sie derzeit bzw. waren Sie zuletzt _hauptsächlich_ beschäftigt?,239,,,,,Q36: pempstat1=1:5 | Q37: pgainemp=1,,,cat
scp,2021_1,Q42,pselfemp,What kind of self-employed person are/were you?,Zu welcher Art von Selbstständigen gehören/gehörten Sie?,236,,,,,Q41: poccstat=1,,,cat
scp,2021_1,Q43,pcivil,What kind of civil servant are/were you?,Zu welcher Art von Beamten gehören/gehörten Sie?,240,,,,,Q41: poccstat=2,,,cat
scp,2021_1,Q44,pempl,What kind of employee are/were you?,Zu welcher Art von Angestellten gehören/gehörten Sie?,241,,,,,Q41: poccstat=3,,,cat
scp,2021_1,Q45,pworker,What kind of worker are/were you?,Zu welcher Art von Arbeitern gehören/gehörten Sie?,242,,,,,Q41: poccstat=4,,,cat
scp,2021_1,Q46,46,"What did you earn from your work last month? Please state both: 
– gross income, which means income before deduction of taxes and social security 
– and net income, which means income after deduction of taxes, social security, and unemployment and health insurance","Wie hoch war ihr Arbeitsverdienst im letzten Monat? Bitte geben Sie nach Möglichkeiten beides an: 
– den Bruttoverdienst, das heißt Lohn oder Gehalt vor Abzug von Steuern und Sozialversicherung 
– und den Nettoverdienst, das heißt den Betrag nach Abzug von Steuern und Beiträgen zur Rentenversicherung, Arbeitslosen- und Krankenversicherung
Der Arbeitsverdienst betrug im letzten Monat…",,"If you received extra income such as vacation pay or back pay, please do not include this. Please do include overtime pay. If you are self-employed: Please estimate your monthly income before and after taxes.","Wenn Sie im letzten Monat Sonderzahlungen hatten, z. B. Urlaubsgeld oder Nachzahlungen, rechnen Sie diese bitte nicht mit. Entgelt für Überstunden rechnen Sie dagegen mit. Falls Sie selbständig sind: Bitte schätzen Sie Ihren monatlichen Gewinn vor und nach Steuern.",,,Q36: pempstat1=1:5,,,txt
scp,2021_1,Q46,plabincbrut,...gross,...brutto:,,€,Euro,,,Q36: pempstat1=1:5,,,int
scp,2021_1,Q46,plabincnet,...net,...netto:,,€,Euro,,,Q36: pempstat1=1:5,,,int
scp,2021_1,Q46,pnolabinc,I was not employed last month.,War im letzten Monat nicht erwerbstätig.,,,,,,Q36: pempstat1=1:5,,,bin
scp,2021_1,Q47,psundvote,Which party would you vote for if there were a parliamentary election next Sunday?,"Welche Partei würden Sie wählen, wenn am kommenden Sonntag Bundestagswahl wäre?",229,,,,,,,,cat
scp,2021_1,Q47,psunpartoth,Which other party?,Welche andere Partei?,,Please enter,Bitte eintragen,,,Q47: psundvote=8,,,chr
scp,2021_1,Q48,hhhtyp,"Finally, we have some questions about your household. Do you live in ...",Zum Schluss haben wir noch einige Fragen zu Ihrem Haushalt. Leben Sie …,237,,,,,,,,cat
scp,2021_1,Q49,hhhsize,"How many people live permanently in your household, children, and _yourself included?_","Wie viele Personen leben ständig in Ihrem Haushalt, Kinder und _Sie selbst mit eingeschlossen?_",,Number: people in household,Anzahl: Personen im Haushalt,,,Q48: hhhtyp=1:2,,,int
scp,2021_1,Q50,50,"How many people who live permanently in your household (including yourself), …","Wie viele Personen, die ständig in Ihrem Haushalt leben (Sie selbst mit eingeschlossen), …",,,,,,Q49: hhhsize>1,,,txt
scp,2021_1,Q50,hhhage01,"
... are aged 18 or over?",… sind 18 Jahre und älter?,,Number: people,Anzahl: Personen,,,,,,int
scp,2021_1,Q50,hhhage02,... are children under the age of 14?,… sind Kinder unter 14 Jahre?,,Number: people,Anzahl: Personen,,,Q49: hhhsize>1,,,int
scp,2021_1,Q50,hhhage03,There are no children under the age of 14 in my household,Keine Kinder unter 14 Jahren im Haushalt,,,,,,Q49: hhhsize>1,,,bin
scp,2021_1,Q51,51,If you look at the total income of all of the members of your household: what is your monthly household income today?,Wenn Sie alle Einkommensarten zusammennehmen: Wie hoch ist das monatliche Netto-Einkommen Ihres Haushaltes insgesamt?,,"Please state the net monthly income, which means after deductions for taxes and social security. Please include regular income such as pensions, housing allowances, child benefits, grants for higher education, maintenance payments, etc. If you do not know the exact amount, please estimate the amount per month.","Gemeint ist das gesamte Einkommen aller Personen, die zum Haushaltseinkommen beitragen. Also die Summe aus Lohn, Gehalt, Einkommen aus selbständiger Tätigkeit, Rente oder Pension - jeweils nach Abzug der Steuern und Sozialversicherungsbeiträge. Rechnen Sie auch eventuelle Zusatzzahlungen wie Wohn- oder Kindergeld, Einkommen aus Vermietung, Verpachtung und sonstige Einkünfte hinzu. Bei Selbständigen ist das durchschnittliche Netto-Einkommen des Haushalts abzüglich der Betriebs-ausgaben gemeint. Monatliches Haushaltseinkommen: Euro",,,Q48: hhhtyp=1:2,,,txt
scp,2021_1,Q51,hhhincnet,Monthly net household income: €,Monatliches Netto-Haushaltsnettoeinkommen:,,,,,,,,,int
scp,2021_1,Q52,hhhbasup,"Are you or someone else in your household currently receiving basic provision benefits (e.g. Arbeitslosengeld II/Hartz IV, basic old-age security benefits and in case of reduced earning capacity, assistance with subsistence)?","Beziehen Sie oder jemand in Ihrem Haushalt derzeit Leistungen der Grundsicherung (z.B. Arbeitslosengeld II/Hartz IV, Grundsicherung im Alter und bei Erwerbsminderung, Hilfe zum Lebensunterhalt)?",1+99,,,,,Q48: hhhtyp=1:2,,,cat
scp,2021_1,Q53,53_1,"Now please _to fill in the name, gender, relationship to you, and date of birth for all other people living in your household apart from yourself_. Please start with the oldest person.","Nun bitten wir Sie _für alle weiteren im Haushalt lebenden Personen außer Ihnen_ selbst den Vornamen, das Geschlecht, die Beziehung zu Ihnen und das Geburtsdatum einzutragen. Beginnen Sie mit der ältesten Person. ",,,,,,Q0: ZP=1 & Q49: hhhsize>1,,,txt
scp,2021_1,Q53a1,hpname01,What is this person’s first name?,Wie lautet der Vorname dieser Person?,,First name of the person:,Vorname der Person:,,,Q0: ZP=1 & Q49: hhhsize>1,,,chr
scp,2021_1,Q53b1,hpsex01,What gender is hpname01]?,Welches Geschlecht hat [hpname01]?,211,,,,,Q49: hhhsize>1 & Q53a1_1 != 1,,,cat
scp,2021_1,Q53c1,hprelat01,What is the relationship between [hpname01] and you?,In welcher Beziehung steht [hpname01] zu Ihnen?,238,,,,,Q49: hhhsize>1 & Q53a1_1: hpname01_check1 != 1,,,cat
scp,2021_1,Q53d1,53d1,What month and year was [hpname01] born?,In welchem Monat und Jahr ist [hpname01] geboren? Geburtsdatum:,,,,,,Q49: hhhsize>1 & Q53a1_1: hpname01_check1 != 1,,,txt
scp,2021_1,Q53d1,hpbmnth01,Month of birth:,Geburtsmonat:,,,,,,,,,int
scp,2021_1,Q53d1,hpbyear01,Year of birth:,Geburtsjahr:,,,,,,,,,int
scp,2021_1,Q53e1,hpall01,"Are there any other people living in the household _apart from yourself_ that you have not listed yet?
Listed so far: [hpname01], [hpsex01]","Gibt es noch weitere im Haushalt lebende Personen _außer Ihnen selbst_, die Sie noch nicht eingetragen haben? Bisher erfasst: 1. [hpname01], [hpsex01]",243,,,,,Q49: hhhsize>1 & Q53a1_1: hpname01_check1 != 1,,,cat
scp,2021_1,Q53_2,53_2,We now come to the 2nd _other person_ in your household.,Nun kommen wir zur 2. _weiteren Person_ im Haushalt.,,,,,,"Q53e1, Q53e1_1: (hhhsize>2 & hpall01=1) | q53_01_check3=1 | q53_01_check4=1",,,txt
scp,2021_1,Q53a2,hpname02,What is this person’s first name?,Wie lautet der Vorname dieser Person?,,First name of the person:,Vorname der Person:,,,"Q53e1, Q53e1_1: (hhhsize>2 & hpall01=1) | q53_01_check3=1 | q53_01_check4=1",,,chr
scp,2021_1,Q53b2,hpsex02,What gender is [hpname02]?,Welches Geschlecht hat [hpname02]?,211,,,,,((hhhsize>2 & hpall01=1) | q53_01_check3=1 | q53_01_check4=1) & Q53a2_1: hpname02_check1 != 1,,,cat
scp,2021_1,Q53c2,hprelat02,What is the relationship between [hpname02] and you?,In welcher Beziehung steht [hpname02] zu Ihnen?,238,,,,,((hhhsize>2 & hpall01=1) | q53_01_check3=1 | q53_01_check4=1) & (Q53a2=97 | Q53a2=98)& Q53a2_1: hpname02_check1 != 1,,,cat
scp,2021_1,Q53d2,53d_2,"What month and year was [hpname02] born?
Date of birth:",In welchem Monat und Jahr ist [hpname02] geboren? Geburtsdatum:,,,,,,((hhhsize>2 & hpall01=1) | q53_01_check3=1 | q53_01_check4=1) & (Q53a2=97 | Q53a2=98) & Q53a2_1: hpname02_check1 != 1,,,txt
scp,2021_1,Q53d2,hpbmnth02,Month of birth:,Geburtsmonat:,,,,,,,,,int
scp,2021_1,Q53d2,hpbyear02,Year of birth:,Geburtsjahr:,,,,,,,,,int
scp,2021_1,Q53e2,hpall02,"Are there any other people living in the household _apart from yourself_ that you have not listed yet?
Listed so far: 1. [hpname01], [hpsex01] 2. [hpname02], [hpsex02]","Gibt es noch weitere im Haushalt lebende Personen _außer Ihnen selbst_, die Sie noch nicht eingetragen haben? Bisher erfasst: 1. [hpname01], [hpsex01] 2. [hpname02], [hpsex02]",243,,,,,((hhhsize>2 & hpall01=1) | q53_01_check3=1 | q53_01_check4=1) & (Q53a2=97 | Q53a2=98) & Q53a2_1: hpname02_check1 != 1,,,cat
scp,2021_1,Q53_3,53_3,We now come to the 3rd _other person_ in your household.,Nun kommen wir zur 3. _weiteren Person_ im Haushalt.,,,,,,"Q53e2, Q53e2_1: (hhhsize>3 & hpall02=1) | q53_02_check3=1 | q53_02_check4=1",,,txt
scp,2021_1,Q53a3,hpname03,What is this person’s first name?,Wie lautet der Vorname dieser Person?,,First name of the person:,Vorname der Person:,,,"Q53e2, Q53e2_1: (hhhsize>3 & hpall02=1) | q53_02_check3=1 | q53_02_check4=1",,,chr
scp,2021_1,Q53b3,hpsex03,What gender is [hpname03]?,Welches Geschlecht hat [hpname03]?,211,,,,,((hhhsize>3 & hpall02=1) | q53_02_check3=1 | q53_02_check4=1) & Q53a3_1: hpname03_check1 != 1,,,cat
scp,2021_1,Q53c3,hprelat03,What is the relationship between [hpname03] and you?,In welcher Beziehung steht [hpname03] zu Ihnen?,238,,,,,Q 49: hhhsize>3 & Q53a3_1: hpname03_check1 != 1,,,cat
scp,2021_1,Q53d3,53d_3,"What month and year was [hpname03] born?
Date of birth:",In welchem Monat und Jahr ist [hpname03] geboren? Geburtsdatum:,,,,,,Q49: hhhsize>3 & Q53a3_1: hpname03_check1 != 1,,,txt
scp,2021_1,Q53d3,hpbmnth03,Month of birth:,Geburtsmonat:,,,,,,,,,int
scp,2021_1,Q53d3,hpbyear03,Year of birth:,Geburtsjahr:,,,,,,,,,int
scp,2021_1,Q53e3,hpall03,"Are there any other people living in the household _apart from yourself_ that you have not listed yet?
Listed so far: 1. [hpname01], [hpsex01] 2. [hpname02], [hpsex02] 3. [hpname03], [hpsex03]","Gibt es noch weitere im Haushalt lebende Personen _außer Ihnen selbst_, die Sie noch nicht eingetragen haben? Bisher erfasst: 1. [hpname01], [hpsex01] 2. [hpname02], [hpsex02] 3. [hpname03], [hpsex03]",243,,,,,Q 49: hhhsize>3 & Q53a3_1: hpname03_check1 != 1,,,cat
scp,2021_1,Q53_4,53_4,We now come to the 4th _other person_ in your household.,Nun kommen wir zur 4. _weiteren Person_ im Haushalt.,,,,,,"Q53e3, Q53e3_1: (hhhsize>4 & hpall03=1) | q53_03_check3=1 | q53_03_check4=1",,,txt
scp,2021_1,Q53a4,hpname04,What is this person’s first name?,Wie lautet der Vorname dieser Person?,,First name of the person:,Vorname der Person:,,,"Q53e3, Q53e3_1: (hhhsize>4 & hpall03=1) | q53_03_check3=1 | q53_03_check4=1",,,chr
scp,2021_1,Q53b4,hpsex04,What gender is [hpname04]?,Welches Geschlecht hat [hpname04]?,211,,,,,((hhhsize>4 & hpall03=1) | q53_03_check3=1 | q53_03_check4=1) & Q53a4_1: hpname04_check1 != 1,,,cat
scp,2021_1,Q53c4,hprelat04,What is the relationship between [hpname04] and you?,In welcher Beziehung steht [hpname04] zu Ihnen?,238,,,,,Q 49: hhhsize>4 & Q53a4_1: hpname04_check1 != 1,,,cat
scp,2021_1,Q53d4,53d_4,"What month and year was [hpname04] born?
Date of birth",In welchem Monat und Jahr ist [hpname04] geboren? Geburtsdatum:,,,,,,"Q53e3, Q53e3_1: (hhhsize>4 & hpall03=1) | q53_03_check3=1 | q53_03_check4=1",,,txt
scp,2021_1,Q53d4,hpbmnth04,Month of birth:,Geburtsmonat:,,,,,,,,,int
scp,2021_1,Q53d4,hpbyear04,Year of birth:,Geburtsjahr:,,,,,,,,,int
scp,2021_1,Q53e4,hpall04,"Are there any other people living in the household _apart from yourself_ that you have not listed yet?
Listed so far: 1. [hpname01], [hpsex01] 2. [hpname02], [hpsex02] 3. [hpname03], [hpsex03] 4. [hpname04], [hpsex04]","Gibt es noch weitere im Haushalt lebende Personen _außer Ihnen selbst_, die Sie noch nicht eingetragen haben? Bisher erfasst: 1. [hpname01], [hpsex01] 2. [hpname02], [hpsex02] 3. [hpname03], [hpsex03] 4. [hpname04], [hpsex04]",243,,,,,Q 49: hhhsize>4 & Q53a4_1: hpname04_check1 != 1,,,cat
scp,2021_1,Q53_5,53_5,We now come to the 5th _other person_ in your household.,Nun kommen wir zur 5. _weiteren Person_ im Haushalt.,,,,,,"Q53e4, Q53e4_1: (hhhsize>5 & hpall04=1) | q53_04_check3=1 | q53_04_check4=1",,,txt
scp,2021_1,Q53a5,hpname05,What is this person’s first name?,Wie lautet der Vorname dieser Person?,,First name of the person:,Vorname der Person:,,,"Q53e4, Q53e4_1: (hhhsize>5 & hpall04=1) | q53_04_check3=1 | q53_04_check4=1",,,chr
scp,2021_1,Q53b5,hpsex05,What gender is [hpname05]?,Welches Geschlecht hat [hpname05]?,211,,,,,((hhhsize>5 & hpall04=1) | q53_04_check3=1 | q53_04_check4=1) & Q53a5_1: hpname05_check1 != 1,,,cat
scp,2021_1,Q53c5,hprelat05,What is the relationship between [hpname05] and you?,In welcher Beziehung steht [hpname05] zu Ihnen?,238,,,,,Q49: hhhsize>5 & Q53a5_1: hpname05_check1 != 1,,,cat
scp,2021_1,Q53d5,53d_5,"What month and year was [hpname05] born?
Date of birth",In welchem Monat und Jahr ist [hpname05] geboren? Geburtsdatum:,,,,,,Q49: hhhsize>5 & Q53a5_1: hpname05_check1 != 1,,,txt
scp,2021_1,Q53d5,hpbmnth05,Month of birth:,Geburtsmonat:,,,,,,,,,int
scp,2021_1,Q53d5,hpbyear05,Year of birth:,Geburtsjahr:,,,,,,,,,int
scp,2021_1,Q53e5,hpall05,"Are there any other people living in the household _apart from yourself_ that you have not listed yet?
Listed so far: 1. [hpname01], [hpsex01] 2. [hpname02], [hpsex02] 3. [hpname03], [hpsex03] 4. [hpname04], [hpsex04] 5. [hpname05], [hpsex05]","Gibt es noch weitere im Haushalt lebende Personen _außer Ihnen selbst_, die Sie noch nicht eingetragen haben? Bisher erfasst: 1. [hpname01], [hpsex01] 2. [hpname02], [hpsex02] 3. [hpname03], [hpsex03] 4. [hpname04], [hpsex04] 5. [hpname05], [hpsex05]",243,,,,,Q49: hhhsize>5 & Q53a5_1: hpname05_check1 != 1,,,cat
scp,2021_1,Q53_6,53_6,We now come to the 6th _other person_ in your household.,Nun kommen wir zur 6. _weiteren Person_ im Haushalt.,,,,,,"Q53e5, Q53e5_1: (hhhsize>6 & hpall05=1) | q53_05_check3=1 | q53_05_check4=1",,,txt
scp,2021_1,Q53a6,hpname06,What is this person’s first name?,Wie lautet der Vorname dieser Person?,,First name of the person:,Vorname der Person:,,,"Q53e5, Q53e5_1: (hhhsize>6 & hpall05=1) | q53_05_check3=1 | q53_05_check4=1",,,chr
scp,2021_1,Q53b6,hpsex06,What gender is [hpname06]?,Welches Geschlecht hat [hpname06]?,211,,,,,((hhhsize>6 & hpall05=1) | q53_05_check3=1 | q53_05_check4=1) & Q53a6_1: hpname06_check1 != 1,,,cat
scp,2021_1,Q53c6,hprelat06,What is the relationship between [hpname06] and you?,In welcher Beziehung steht [hpname06] zu Ihnen?,238,,,,,Q49: hhhsize>6& Q53a6_1: hpname06_check1 != 1,,,cat
scp,2021_1,Q53d6,53d_6,"What month and year was [hpname06] born?
Date of birth",In welchem Monat und Jahr ist [hpname06] geboren? Geburtsdatum:,,,,,,Q49: hhhsize>6& Q53a6_1: hpname06_check1 != 1,,,txt
scp,2021_1,Q53d6,hpbmnth06,Month of birth:,Geburtsmonat:,,,,,,,,,int
scp,2021_1,Q53d6,hpbyear06,Year of birth:,Geburtsjahr:,,,,,,,,,int
scp,2021_1,Q53e6,hpall06,"Are there any other people living in the household _apart from yourself_ that you have not listed yet?
Listed so far: 1. [hpname01], [hpsex01] 2. [hpname02], [hpsex02] 3. [hpname03], [hpsex03] 4. [hpname04], [hpsex04] 5. [hpname05], [hpsex05] 6. [hpnam06], [hpse06] ","Gibt es noch weitere im Haushalt lebende Personen _außer Ihnen selbst_, die Sie noch nicht eingetragen haben? Bisher erfasst: 1. [hpname01], [hpsex01] 2. [hpname02], [hpsex02] 3. [hpname03], [hpsex03] 4. [hpname04], [hpsex04] 5. [hpname05], [hpsex05] 6. [hpnam06], [hpse06]       ",243,,,,,Q49: hhhsize>6& Q53a6_1: hpname06_check1 != 1,,,cat
scp,2021_1,Q53_7,53_7,We now come to the 7th _other person_ in your household.,Nun kommen wir zur 7. _weiteren Person_ im Haushalt.,,,,,,"Q53e6, Q53e6_1: (hhhsize>7 & hpall06=1) | q53_06_check3=1 | q53_06_check4=1",,,txt
scp,2021_1,Q53a7,hpname07,What is this person’s first name?,Wie lautet der Vorname dieser Person?,,First name of the person:,Vorname der Person:,,,"Q53e6, Q53e6_1: (hhhsize>7 & hpall06=1) | q53_06_check3=1 | q53_06_check4=1",,,chr
scp,2021_1,Q53b7,hpsex07,What gender is [hpname07]?,Welches Geschlecht hat [hpname07]?,211,,,,,((hhhsize>7 & hpall06=1) | q53_06_check3=1 | q53_06_check4=1) & Q53a7_1: hpname07_check1 != 1,,,cat
scp,2021_1,Q53c7,hprelat07,What is the relationship between [hpname07] and you?,In welcher Beziehung steht [hpname07] zu Ihnen?,238,,,,,Q49: hhhsize>7 & Q53a7_1: hpname07_check1 != 1,,,cat
scp,2021_1,Q53d7,53d_7,"What month and year was [hpname07] born?
Date of birth",In welchem Monat und Jahr ist [hpname07] geboren? Geburtsdatum:,,,,,,Q49: hhhsize>7 & Q53a7_1: hpname07_check1 != 1,,,txt
scp,2021_1,Q53d7,hpbmnth07,Month of birth:,Geburtsmonat:,,,,,,,,,int
scp,2021_1,Q53d7,hpbyear07,Year of birth:,Geburtsjahr:,,,,,,,,,int
scp,2021_1,Q53e7,hpall07,"Are there any other people living in the household _apart from yourself_ that you have not listed yet?
Listed so far:1. [hpname01], [hpsex01] 2. [hpname02], [hpsex02] 3. [hpname03], [hpsex03] 4. [hpname04], [hpsex04] 5. [hpname05], [hpsex05] 6. [hpname06], [hpsex06] 7. [hpname07], [hpsex07]       ","Gibt es noch weitere im Haushalt lebende Personen _außer Ihnen selbst_, die Sie noch nicht eingetragen haben? Bisher erfasst: 1. [hpname01], [hpsex01] 2. [hpname02], [hpsex02] 3. [hpname03], [hpsex03] 4. [hpname04], [hpsex04] 5. [hpname05], [hpsex05] 6. [hpname06], [hpsex06] 7. [hpname07], [hpsex07]       ",243,,,,,Q49: hhhsize>7 & Q53a7_1: hpname07_check1 != 1,,,cat
scp,2021_1,Q53_8,53_8,We now come to the 8th _other person_ in your household.,Nun kommen wir zur 8. _weiteren Person_ im Haushalt.,,,,,,"Q53e7, Q53e7_1: (hhhsize>8 & hpall07=1) | q53_07_check3=1 | q53_07_check4=1",,,txt
scp,2021_1,Q53a8,hpname08,What is this person’s first name?,Wie lautet der Vorname dieser Person?,,First name of the person:,Vorname der Person:,,,"Q53e7, Q53e7_1: (hhhsize>8 & hpall07=1) | q53_07_check3=1 | q53_07_check4=1",,,chr
scp,2021_1,Q53b8,hpsex08,What gender is [hpname08]?,Welches Geschlecht hat [hpname08]?,211,,,,,((hhhsize>8 & hpall07=1) | q53_07_check3=1 | q53_07_check4=1) & Q53a8_1: hpname08_check1 != 1,,,cat
scp,2021_1,Q53c8,hprelat08,What is the relationship between [hpname08] and you?,In welcher Beziehung steht [hpname08] zu Ihnen?,238,,,,,Q49: hhhsize>8 & Q53a8_1: hpname08_check1 != 1,,,cat
scp,2021_1,Q53d8,53d_8,"What month and year was [hpname08] born?
Date of birth",In welchem Monat und Jahr ist [hpname08] geboren? Geburtsdatum:,,,,,,Q49: hhhsize>8 & Q53a8_1: hpname08_check1 != 1,,,txt
scp,2021_1,Q53d8,hpbmnth08,Month of birth:,Geburtsmonat:,,,,,,,,,int
scp,2021_1,Q53d8,hpbyear08,Year of birth:,Geburtsjahr:,,,,,,,,,int
scp,2021_1,Q53e8,hpall08,"Are there any other people living in the household _apart from yourself_ that you have not listed yet?
Listed so far: 1. [hpname01], [hpsex01] 2. [hpname02], [hpsex02] 3. [hpname03], [hpsex03] 4. [hpname04], [hpsex04] 5. [hpname05], [hpsex05] 6. [hpname06], [hpsex06] 7. [hpname07], [hpsex07] 8. [hpname08], [hpsex08]","Gibt es noch weitere im Haushalt lebende Personen _außer Ihnen selbst_, die Sie noch nicht eingetragen haben? Bisher erfasst: 1. [hpname01], [hpsex01] 2. [hpname02], [hpsex02] 3. [hpname03], [hpsex03] 4. [hpname04], [hpsex04] 5. [hpname05], [hpsex05] 6. [hpname06], [hpsex06] 7. [hpname07], [hpsex07] 8. [hpname08], [hpsex08]",243,,,,,Q49: hhhsize>8 & Q53a8_1: hpname08_check1 != 1,,,cat
scp,2021_1,Q53_9,53_9,We now come to the 9th _other person_ in your household.,Nun kommen wir zur 9. _weiteren Person_ im Haushalt.,,,,,,"Q53e8, Q53e8_1: (hhhsize>9 & hpall08=1) | q53_08_check3=1 | q53_08_check4=1",,,txt
scp,2021_1,Q53a9,hpname09,What is this person’s first name?,Wie lautet der Vorname dieser Person?,,First name of the person:,Vorname der Person:,,,"Q53e8, Q53e8_1: (hhhsize>9 & hpall08=1) | q53_08_check3=1 | q53_08_check4=1",,,chr
scp,2021_1,Q53b9,hpsex09,What gender is [hpname09]?,Welches Geschlecht hat [hpname09]?,211,,,,,((hhhsize>9 & hpall08=1) | q53_08_check3=1 | q53_08_check4=1) & Q53a9_1: hpname09_check1 != 1,,,cat
scp,2021_1,Q53c9,hprelat09,What is the relationship between [hpname09] and you?,In welcher Beziehung steht [hpname09] zu Ihnen?,238,,,,,Q49: hhhsize>9 & Q53a9_1: hpname09_check1 != 1,,,cat
scp,2021_1,Q53d9,53d_9,"What month and year was [hpname09] born?
Date of birth",In welchem Monat und Jahr ist [hpname09] geboren? Geburtsdatum:,,,,,,Q49: hhhsize>9 & Q53a9_1: hpname09_check1 != 1,,,txt
scp,2021_1,Q53d9,hpbmnth09,Month of birth:,Geburtsmonat:,,,,,,,,,int
scp,2021_1,Q53d9,hpbyear09,Year of birth:,Geburtsjahr:,,,,,,,,,int
scp,2021_1,Q53e9,hpall09,"Are there any other people living in the household _apart from yourself_ that you have not listed yet?
Listed so far: 1. [hpname01], [hpsex01] 2. [hpname02], [hpsex02] 3. [hpname03], [hpsex03] 4. [hpname04], [hpsex04] 5. [hpname05], [hpsex05] 6. [hpname06], [hpsex06] 7. [hpname07], [hpsex07] 8. [hpname08], [hpsex08] 9. [hpname09], [hpsex09]","Gibt es noch weitere im Haushalt lebende Personen _außer Ihnen selbst_, die Sie noch nicht eingetragen haben? Bisher erfasst: 1. [hpname01], [hpsex01] 2. [hpname02], [hpsex02] 3. [hpname03], [hpsex03] 4. [hpname04], [hpsex04] 5. [hpname05], [hpsex05] 6. [hpname06], [hpsex06] 7. [hpname07], [hpsex07] 8. [hpname08], [hpsex08] 9. [hpname09], [hpsex09]",243,,,,,Q49: hhhsize>9 & Q53a9_1: hpname09_check1 != 1,,,cat
scp,2021_1,Q53_10,53_10,We now come to the 10th _other person_ in your household.,Nun kommen wir zur 10. _weiteren Person_ im Haushalt.,,,,,,"Q53e9, Q53e9_1: (hhhsize>10 & hpall09=1) | q53_09_check3=1 | q53_09_check4=1",,,txt
scp,2021_1,Q53a10,hpname10,What is this person’s first name?,Wie lautet der Vorname dieser Person?,,First name of the person:,Vorname der Person:,,,"Q53e9, Q53e9_1: (hhhsize>10 & hpall09=1) | q53_09_check3=1 | q53_09_check4=1",,,chr
scp,2021_1,Q53b10,hpsex10,What gender is [hpname10]?,Welches Geschlecht hat [hpname10]?,211,,,,,((hhhsize>10 & hpall09=1) | q53_09_check3=1 | q53_09_check4=1) & Q53a10_1: hpname10_check1 != 1,,,cat
scp,2021_1,Q53c10,hprelat10,What is the relationship between [hpname10] and you?,In welcher Beziehung steht [hpname10] zu Ihnen?,238,,,,,Q49: hhhsize>10 & Q53a10_1: hpname10_check1 != 1,,,cat
scp,2021_1,Q53d10,53d_10,"What month and year was [hpname10] born?
Date of birth",In welchem Monat und Jahr ist [hpname10] geboren? Geburtsdatum:,,,,,,Q49: hhhsize>10 & Q53a10_1: hpname10_check1 != 1,,,txt
scp,2021_1,Q53d10,hpbmnth10,Month of birth:,Geburtsmonat:,,,,,,,,,int
scp,2021_1,Q53d10,hpbyear10,Year of birth:,Geburtsjahr:,,,,,,,,,int
scp,2021_1,Q53e10,hpall10,"Are there any other people living in the household _apart from yourself_ that you have not listed yet?
Listed so far: 1. [hpname01], [hpsex01] 2. [hpname02], [hpsex02] 3. [hpname03], [hpsex03] 4. [hpname04], [hpsex04] 5. [hpname05], [hpsex05] 6. [hpname06], [hpsex06] 7. [hpname07], [hpsex07] 8. [hpname08], [hpsex08] 9. [hpname09], [hpsex09] 10. [hpname10], [hpsex10]","Gibt es noch weitere im Haushalt lebende Personen _außer Ihnen selbst_, die Sie noch nicht eingetragen haben? Bisher erfasst: 1. [hpname01], [hpsex01] 2. [hpname02], [hpsex02] 3. [hpname03], [hpsex03] 4. [hpname04], [hpsex04] 5. [hpname05], [hpsex05] 6. [hpname06], [hpsex06] 7. [hpname07], [hpsex07] 8. [hpname08], [hpsex08] 9. [hpname09], [hpsex09] 10. [hpname10], [hpsex10]",243,,,,,Q49: hhhsize>10 & Q53a10_1: hpname10_check1 != 1,,,cat
scp,2021_1,Q53_11,53_11,We now come to the 11th _other person_ in your household.,Nun kommen wir zur 11. _weiteren Person_ im Haushalt.,,,,,,"Q53e10, Q53e10_1: (hhhsize>11 & hpall10=1) | q53_10_check3=1 | q53_10_check4=1",,,txt
scp,2021_1,Q53a11,hpname11,What is this person’s first name?,Wie lautet der Vorname dieser Person?,,First name of the person:,Vorname der Person:,,,"Q53e10, Q53e10_1: (hhhsize>11 & hpall10=1) | q53_10_check3=1 | q53_10_check4=1",,,chr
scp,2021_1,Q53b11,hpsex11,What gender is [hpname11]?,Welches Geschlecht hat [hpname11]?,211,,,,,((hhhsize>11 & hpall10=1) | q53_10_check3=1 | q53_10_check4=1) & Q53a11_1: hpname11_check1 != 1,,,cat
scp,2021_1,Q53c11,hprelat11,What is the relationship between [hpname11] and you?,In welcher Beziehung steht [hpname11] zu Ihnen?,238,,,,,Q49: hhhsize>11 & Q53a11_1: hpname11_check1 != 1,,,cat
scp,2021_1,Q53d11,53d_11,"What month and year was [hpname11] born?
Date of birth",In welchem Monat und Jahr ist [hpname11] geboren? Geburtsdatum:,,,,,,Q49: hhhsize>11 & Q53a11_1: hpname11_check1 != 1,,,txt
scp,2021_1,Q53d11,hpbmnth11,Month of birth:,Geburtsmonat:,,,,,,,,,int
scp,2021_1,Q53d11,hpbyear11,Year of birth:,Geburtsjahr:,,,,,,,,,int
scp,2021_1,Q53e11,hpall11,"Are there any other people living in the household _apart from yourself_ that you have not listed yet?
Listed so far: 1. [hpname01], [hpsex01] 2. [hpname02], [hpsex02] 3. [hpname03], [hpsex03] 4. [hpname04], [hpsex04] 5. [hpname05], [hpsex05] 6. [hpname06], [hpsex06] 7. [hpname07], [hpsex07] 8. [hpname08], [hpsex08] 9. [hpname09], [hpsex09] 10. [hpname10], [hpsex10] 11. [hpname11], [hpsex11]","Gibt es noch weitere im Haushalt lebende Personen _außer Ihnen selbst_, die Sie noch nicht eingetragen haben? Bisher erfasst: 1. [hpname01], [hpsex01] 2. [hpname02], [hpsex02] 3. [hpname03], [hpsex03] 4. [hpname04], [hpsex04] 5. [hpname05], [hpsex05] 6. [hpname06], [hpsex06] 7. [hpname07], [hpsex07] 8. [hpname08], [hpsex08] 9. [hpname09], [hpsex09] 10. [hpname10], [hpsex10] 11. [hpname11], [hpsex11]",243,,,,,Q49: hhhsize>11 & Q53a11_1: hpname11_check1 != 1,,,cat
scp,2021_1,Q53_12,53_12,We now come to the 12th _other person_ in your household.,Nun kommen wir zur 12. _weiteren Person_ im Haushalt.,,,,,,"Q53e11, Q53e11_1: (hhhsize>12 & hpall11=1) | q53_11_check3=1 | q53_11_check4=1",,,txt
scp,2021_1,Q53a12,hpname12,What is this person’s first name?,Wie lautet der Vorname dieser Person?,,First name of the person:,Vorname der Person:,,,"Q53e11, Q53e11_1: (hhhsize>12 & hpall11=1) | q53_11_check3=1 | q53_11_check4=1",,,chr
scp,2021_1,Q53b12,hpsex12,What gender is [hpname12]?,Welches Geschlecht hat [hpname12]?,211,,,,,((hhhsize>12 & hpall11=1) | q53_11_check3=1 | q53_11_check4=1) & Q53a12_1: hpname12_check1 != 1,,,cat
scp,2021_1,Q53c12,hprelat12,What is the relationship between [hpname12] and you?,In welcher Beziehung steht [hpname12] zu Ihnen?,238,,,,,Q49: hhhsize>12 & Q53a12_1: hpname12_check1 != 1,,,cat
scp,2021_1,Q53d12,53d_12,"What month and year was [hpname12] born?
Date of birth",In welchem Monat und Jahr ist [hpname12] geboren? Geburtsdatum:,,,,,,Q49: hhhsize>12 & Q53a12_1: hpname12_check1 != 1,,,txt
scp,2021_1,Q53d12,hpbmnth12,Month of birth:,Geburtsmonat:,,,,,,,,,int
scp,2021_1,Q53d12,hpbyear12,Year of birth:,Geburtsjahr:,,,,,,,,,int
scp,2021_1,Q53e12,hpall12,"Are there any other people living in the household _apart from yourself_ that you have not listed yet?
Listed so far: 1. [hpname01], [hpsex01] 2. [hpname02], [hpsex02] 3. [hpname03], [hpsex03] 4. [hpname04], [hpsex04] 5. [hpname05], [hpsex05] 6. [hpname06], [hpsex06] 7. [hpname07], [hpsex07] 8. [hpname08], [hpsex08] 9. [hpname09], [hpsex09]  10. [hpname10], [hpsex10] 11. [hpname11], [hpsex11] 12. [hpname12], [hpsex12]","Gibt es noch weitere im Haushalt lebende Personen _außer Ihnen selbst_, die Sie noch nicht eingetragen haben? Bisher erfasst: 1. [hpname01], [hpsex01] 2. [hpname02], [hpsex02] 3. [hpname03], [hpsex03] 4. [hpname04], [hpsex04] 5. [hpname05], [hpsex05] 6. [hpname06], [hpsex06] 7. [hpname07], [hpsex07] 8. [hpname08], [hpsex08] 9. [hpname09], [hpsex09]  10. [hpname10], [hpsex10] 11. [hpname11], [hpsex11] 12. [hpname12], [hpsex12]",243,,,,,Q49: hhhsize>12 & Q53a12_1: hpname12_check1 != 1,,,cat
scp,2021_1,Q53f,Q53f,Thank you very much. Let us move on to the next question!,"Vielen Dank, nun geht es weiter mit der nächsten Frage!",,,,,,"Q53e[1-12]_3, Q53e12_5:  q53_01_check5=1 | q53_02_check5=1 | q53_03_check5=1 | q53_04_check5=1 | q53_05_check5=1 | q53_06_check5=1 | q53_07_check5=1 | q53_08_check5=1 | q53_09_check5=1 | q53_10_check5=1 |   q53_11_check5=1|     q53_12_check5=1  | q53_12_check8=1  | q53_12_check9=1  ",,,txt
scp,2021_1,Q54,ppanelcons,"Further surveys are planned in this scientific study. We need to keep your address to reach you again for this purpose. The German Data Protection Act only allows storing your address if you agree. Your address will be kept separate from the survey and solely for ‘Living Together in Germany’ follow-up surveys. Participation in subsequent surveys is voluntary, of course.
Your address will never be associated with your responses. Your information will remain anonymous.
Your continued support for our study is crucial. We would be very grateful if you can continue to support us.
Do you agree?","In dieser wissenschaftlichen Studie sind weitere Befragungen geplant. Um Sie dazu wieder zu erreichen, müssen wir Ihre Adresse aufbewahren. Das Datenschutzgesetz erlaubt die Speicherung Ihrer Adresse nur, wenn Sie damit einverstanden sind. Ihre Adresse wird getrennt vom Fragebogen und ausschließlich für weitere Befragungen in der Studie „Zusammenleben in Deutschland“ aufgehoben. Die Mitwirkung an einer weiteren Befragung ist wiederum selbstverständlich freiwillig. Ihre Adresse wird niemals mit Ihren Antworten in Verbindung gebracht. Ihre Angaben bleiben absolut anonym. Ihre weitere Unterstützung für unsere Studie ist sehr wichtig. Wir sind sehr dankbar, wenn Sie uns weiterhin unterstützen. Sind Sie einverstanden?",246,,,,,,,,cat
scp,2021_1,Q55,pnoothp18,"In this study we would like to interview all other people aged 18 or over in your household. As a thank you for participating, these people will also receive a thank-you letter with 10 euros following the survey.
To write to people in your household as part of our study, we need their name, surname, age, and gender.","Wir möchten in dieser Studie auch alle anderen Personen ab 18 Jahren in Ihrem Haushalt befragen. Als Dankeschön für die Teilnahme erhalten auch diese Personen ein Dankschreiben mit 10 Euro im Anschluss an die Befragung. Um diese weiteren Personen in Ihrem Haushalt im Rahmen unserer Studie anschreiben zu können, benötigen wir jeweils den Vornamen, den Nachnamen, das Alter und das Geschlecht. ",555,We are only interested in other people of your household aged 18 or over. Please do not enter yourself.,"Es geht nur um andere Personen im Haushalt ab 18, tragen Sie sich selbst dabei nicht mit ein.",,,Q0: ZP=1 & Q48: hhhtyp=1:2 & Q50: hhhage01>1,,,cat
scp,2021_1,Q55a1,Q55a1,"Please indicate the name, surname, age, and gender of the 1st other person in the household aged 18 or over.","Bitte tragen Sie den Vornamen und Nachnamen, das Alter und das Geschlecht der 1. weiteren Person im Haushalt ab 18 Jahren ein",,"We need the fields marked with * (name, surname, age) to send the survey to this other person in the household.","Die mit * markierten Felder (Vorname, Nachname, Alter) benötigen wir, um dieser weiteren Person im Haushalt den Fragebogen zusenden zu können.",,,Q55: pnoothp18 = 2,,,txt
scp,2021_1,Q55a1,hp181stnam01,Name of the person*:,Vorname der Person*:,,,,,,,,,chr
scp,2021_1,Q55a1,hp182ndnam01,Surname of the person*:,Nachname der Person*:,,,,,,,,,chr
scp,2021_1,Q55b1,hp18age01,Age*:,Alter*:,,,,,,Q55: pnoothp18=2,,,int
scp,2021_1,Q55c1,hp18sex01,Sex:,Gechlecht:,211,,,,,Q55: pnoothp18=2,,,cat
scp,2021_1,Q55d1,hp18all01,"Are there any other people living in the household aged 18 or over _apart from yourself_ that you have not listed yet?
Listed so far:  1. [hp181stnam01], [hp18sex01]","Gibt es noch weitere im Haushalt lebende Personen ab 18 Jahren _außer Ihnen selbst_, die Sie noch nicht eingetragen haben? Bisher erfasst: 1. [hp181stnam01], [hp18sex01]",243_1,,,,,Q55:  pnoothp18=2,,,cat
scp,2021_1,Q55a2,55a2,"Please indicate the name, surname, age, and gender of the 2nd other person in the household aged 18 or over.","Bitte tragen Sie den Vornamen und Nachnamen, das Alter und das Geschlecht der 2. weiteren Person im Haushalt ab 18 Jahren ein.",,"We need the fields marked with * (name, surname, age) to send the survey to this other person in the household.","Die mit * markierten Felder (Vorname, Nachname, Alter) benötigen wir, um dieser weiteren Person im Haushalt den Fragebogen zusenden zu können.",,,"Q55d1, Q55d1_1, Q55d1_2, Q49: (hhhage01>2 & hp18all01=1) | q55_01_check1=1 | q55_01_check2=1",,,txt
scp,2021_1,Q55a2,hp181stnam02,Name of the person*:,Vorname der Person:,,,,,,,,,chr
scp,2021_1,Q55a2,hp182ndnam02,Surname of the person*:,Nachname der Person:,,,,,,,,,chr
scp,2021_1,Q55b2,hp18age02,Age:,Alter:,,,,,,"Q55d1, Q55d1_1, Q55d1_2, Q49: (hhhage01>2 & hp18all01=1) | q55_01_check1=1 | q55_01_check2=1",,,int
scp,2021_1,Q55c2,hp18sex02,Sex:,Geschlecht:,211,,,,,"Q55d1, Q55d1_1, Q55d1_2, Q49: (hhhage01>2 & hp18all01=1) | q55_01_check1=1 | q55_01_check2=1",,,cat
scp,2021_1,Q55d2,hp18all02,"Are there any other people living in the household aged 18 or over _apart from yourself_ that you have not listed yet?
Listed so far:  1. [hp181stnam01], [hp18sex01] 2. [hp181stnam02], [hp18sex02]","Gibt es noch weitere im Haushalt lebende Personen ab 18 Jahren _außer Ihnen selbst_, die Sie noch nicht eingetragen haben? Bisher erfasst: 1. [hp181stnam01], [hp18sex01] 2. [hp181stnam02], [hp18sex02]",243_1,,,,,"Q55d1, Q55d1_1, Q55d1_2, Q49: (hhhage01>2 & hp18all01=1) | q55_01_check1=1 | q55_01_check2=1",,,cat
scp,2021_1,Q55a3,55a3,"Please indicate the name, surname, age, and gender of the 3rd other person in the household aged 18 or over.","Bitte tragen Sie den Vornamen und Nachnamen, das Alter und das Geschlecht der 3. weiteren Person im Haushalt ab 18 Jahren ein",,"We need the fields marked with * (name, surname, age) to send the survey to this other person in the household.","Die mit * markierten Felder (Vorname, Nachname, Alter) benötigen wir, um dieser weiteren Person im Haushalt den Fragebogen zusenden zu können.",,,"Q55d2, Q55d2_1, Q55d2_2, Q49: (hhhage01>3 & hp18all02=1) | q55_02_check1=1 | q55_02_check2=1",,,txt
scp,2021_1,Q55a3,hp181stnam03,Name of the person:,Vorname der Person:,,,,,,,,,chr
scp,2021_1,Q55a3,hp182ndnam03,Surname of the person:,Nachname der Person:,,,,,,,,,chr
scp,2021_1,Q55b3,hp18age03,Age:,Alter:,,,,,,"Q55d2, Q55d2_1, Q55d2_2, Q49: (hhhage01>3 & hp18all02=1) | q55_02_check1=1 | q55_02_check2=1",,,int
scp,2021_1,Q55c3,hp18sex03,Sex:,Geschlecht:,211,,,,,"Q55d2, Q55d2_1, Q55d2_2, Q49: (hhhage01>3 & hp18all02=1) | q55_02_check1=1 | q55_02_check2=1",,,cat
scp,2021_1,Q55d3,hp18all03,"Are there any other people living in the household aged 18 or over _apart from yourself_ that you have not listed yet?
Listed so far: 1. [hp181stnam01], [hp18sex01] 2. [hp181stnam02], [hp18sex02] 3. [hp181stnam03], [hp18sex03]","Gibt es noch weitere im Haushalt lebende Personen ab 18 Jahren _außer Ihnen selbst_, die Sie noch nicht eingetragen haben? Bisher erfasst: 1. [hp181stnam01], [hp18sex01] 2. [hp181stnam02], [hp18sex02] 3. [hp181stnam03], [hp18sex03]",243_1,,,,,"Q55d2, Q55d2_1, Q55d2_2, Q49: (hhhage01>3 & hp18all02=1) | q55_02_check1=1 | q55_02_check2=1",,,cat
scp,2021_1,Q55a4,55a4,"Please indicate the name, surname, age, and gender of the 4th other person in the household aged 18 or over.","Bitte tragen Sie den Vornamen und Nachnamen, das Alter und das Geschlecht der 4. weiteren Person im Haushalt ab 18 Jahren ein.",,"We need the fields marked with * (name, surname, age) to send the survey to this other person in the household.","Die mit * markierten Felder (Vorname, Nachname, Alter) benötigen wir, um dieser weiteren Person im Haushalt den Fragebogen zusenden zu können.",,,"Q55d3, Q55d3_1, Q55d3_2, Q49: (hhhage01>4 & hp18all03=1) | q55_03_check1=1 | q55_03_check2=1",,,txt
scp,2021_1,Q55a4,hp181stnam04,Name of the person:,Vorname der Person:,,,,,,,,,chr
scp,2021_1,Q55a4,hp182ndnam04,Surname of the person:,Nachname der Person:,,,,,,,,,chr
scp,2021_1,Q55b4,hp18age04,Age:,Alter:,,,,,,"Q55d3, Q55d3_1, Q55d3_2, Q49: (hhhage01>4 & hp18all03=1) | q55_03_check1=1 | q55_03_check2=1",,,int
scp,2021_1,Q55c4,hp18sex04,Sex:,Geschlecht:,211,,,,,"Q55d3, Q55d3_1, Q55d3_2, Q49: (hhhage01>4 & hp18all03=1) | q55_03_check1=1 | q55_03_check2=1",,,cat
scp,2021_1,Q55d4,hp18all04,"Are there any other people living in the household aged 18 or over _apart from yourself_ that you have not listed yet?
Listed so far: 1. [hp181stnam01], [hp18sex01] 2. [hp181stnam02], [hp18sex02] 3. [hp181stnam03], [hp18sex03] 4. [hp181stnam04], [hp18sex04]","Gibt es noch weitere im Haushalt lebende Personen ab 18 Jahren _außer Ihnen selbst_, die Sie noch nicht eingetragen haben? Bisher erfasst: 1. [hp181stnam01], [hp18sex01] 2. [hp181stnam02], [hp18sex02] 3. [hp181stnam03], [hp18sex03] 4. [hp181stnam04], [hp18sex04]",243_1,,,,,"Q55d3, Q55d3_1, Q55d3_2, Q49: (hhhage01>4 & hp18all03=1) | q55_03_check1=1 | q55_03_check2=1",,,cat
scp,2021_1,Q55a5,55a5,"Please indicate the name, surname, age, and gender of the 5th other person in the household aged 18 or over.","Bitte tragen Sie den Vornamen und Nachnamen, das Alter und das Geschlecht der 5. weiteren Person im Haushalt ab 18 Jahren ein",,"We need the fields marked with * (name, surname, age) to send the survey to this other person in the household.","Die mit * markierten Felder (Vorname, Nachname, Alter) benötigen wir, um dieser weiteren Person im Haushalt den Fragebogen zusenden zu können.",,,"Q55d4, Q55d4_1, Q55d4_2, Q49: (hhhage01>5 & hp18all04=1) | q55_04_check1=1 | q55_04_check2=1",,,txt
scp,2021_1,Q55a5,hp181stnam05,Name of the person:,Vorname der Person:,,,,,,,,,chr
scp,2021_1,Q55a5,hp182ndnam05,Surname of the person:,Nachname der Person:,,,,,,,,,chr
scp,2021_1,Q55b5,hp18age05,Age:,Alter:,,,,,,"Q55d4, Q55d4_1, Q55d4_2, Q49: (hhhage01>5 & hp18all04=1) | q55_04_check1=1 | q55_04_check2=1",,,int
scp,2021_1,Q55c5,hp18sex05,Sex:,Geschlecht:,211,,,,,"Q55d4, Q55d4_1, Q55d4_2, Q49: (hhhage01>5 & hp18all04=1) | q55_04_check1=1 | q55_04_check2=1",,,cat
scp,2021_1,Q55d5,hp18all05,"Are there any other people living in the household aged 18 or over _apart from yourself_ that you have not listed yet?
Listed so far: 1. [hp181stnam01], [hp18sex01] 2. [hp181stnam02], [hp18sex02] 3. [hp181stnam03], [hp18sex03] 4. [hp181stnam04], [hp18sex04] 5. [hp181stnam05], [hp18sex05]","Gibt es noch weitere im Haushalt lebende Personen ab 18 Jahren _außer Ihnen selbst_, die Sie noch nicht eingetragen haben? Bisher erfasst: 1. [hp181stnam01], [hp18sex01] 2. [hp181stnam02], [hp18sex02] 3. [hp181stnam03], [hp18sex03] 4. [hp181stnam04], [hp18sex04] 5. [hp181stnam05], [hp18sex05]",243_1,,,,,"Q55d4, Q55d4_1, Q55d4_2, Q49: (hhhage01>5 & hp18all04=1) | q55_04_check1=1 | q55_04_check2=1",,,cat
scp,2021_1,Q55a6,55a6,"Please indicate the name, surname, age, and gender of the 6th other person in the household aged 18 or over.","Bitte tragen Sie den Vornamen und Nachnamen, das Alter und das Geschlecht der 6. weiteren Person im Haushalt ab 18 Jahren ein",,"We need the fields marked with * (name, surname, age) to send the survey to this other person in the household.","Die mit * markierten Felder (Vorname, Nachname, Alter) benötigen wir, um dieser weiteren Person im Haushalt den Fragebogen zusenden zu können.",,,"Q55d5, Q55d5_1, Q55d5_2, Q49: (hhhage01>6 & hp18all05=1) | q55_05_check1=1 | q55_05_check2=1",,,txt
scp,2021_1,Q55a6,hp181stnam06,Name of the person:,Vorname der Person:,,,,,,,,,chr
scp,2021_1,Q55a6,hp182ndnam06,Surname of the person:,Nachname der Person:,,,,,,,,,chr
scp,2021_1,Q55b6,hp18age06,Age:,Alter:,,,,,,"Q55d5, Q55d5_1, Q55d5_2, Q49: (hhhage01>6 & hp18all05=1) | q55_05_check1=1 | q55_05_check2=1",,,int
scp,2021_1,Q55c6,hp18sex06,Sex:,Geschlecht:,211,,,,,"Q55d5, Q55d5_1, Q55d5_2, Q49: (hhhage01>6 & hp18all05=1) | q55_05_check1=1 | q55_05_check2=1",,,cat
scp,2021_1,Q55d6,hp18all06,"Are there any other people living in the household aged 18 or over _apart from yourself_ that you have not listed yet?
Listed so far: 1. [hp181stnam01], [hp18sex01] 2. [hp181stnam02], [hp18sex02] 3. [hp181stnam03], [hp18sex03] 4. [hp181stnam04], [hp18sex04] 5. [hp181stnam05], [hp18sex05] 6. [hp181stnam06], [hp18sex06]","Gibt es noch weitere im Haushalt lebende Personen ab 18 Jahren _außer Ihnen selbst_, die Sie noch nicht eingetragen haben? Bisher erfasst: 1. [hp181stnam01], [hp18sex01] 2. [hp181stnam02], [hp18sex02] 3. [hp181stnam03], [hp18sex03] 4. [hp181stnam04], [hp18sex04] 5. [hp181stnam05], [hp18sex05] 6. [hp181stnam06], [hp18sex06]",243_1,,,,,"Q55d5, Q55d5_1, Q55d5_2, Q49: (hhhage01>6 & hp18all05=1) | q55_05_check1=1 | q55_05_check2=1",,,cat
scp,2021_1,Q55a7,55a7,"Please indicate the name, surname, age, and gender of the 7th other person in the household aged 18 or over.","Bitte tragen Sie den Vornamen und Nachnamen, das Alter und das Geschlecht der 7. weiteren Person im Haushalt ab 18 Jahren ein",,"We need the fields marked with * (name, surname, age) to send the survey to this other person in the household.","Die mit * markierten Felder (Vorname, Nachname, Alter) benötigen wir, um dieser weiteren Person im Haushalt den Fragebogen zusenden zu können.",,,"Q55d6, Q55d6_1, Q55d6_2, Q49: (hhhage01>7 & hp18all06=1) | q55_06_check1=1 | q55_06_check2=1",,,txt
scp,2021_1,Q55a7,hp181stnam07,Name of the person:,Vorname der Person:,,,,,,,,,chr
scp,2021_1,Q55a7,hp182ndnam07,Surname of the person:,Nachname der Person:,,,,,,,,,chr
scp,2021_1,Q55b7,hp18age07,Age:,Alter:,,,,,,"Q55d6, Q55d6_1, Q55d6_2, Q49: (hhhage01>7 & hp18all06=1) | q55_06_check1=1 | q55_06_check2=1",,,int
scp,2021_1,Q55c7,hp18sex07,Sex:,Geschlecht:,211,,,,,"Q55d6, Q55d6_1, Q55d6_2, Q49: (hhhage01>7 & hp18all06=1) | q55_06_check1=1 | q55_06_check2=1",,,cat
scp,2021_1,Q55d7,hp18all07,"Are there any other people living in the household aged 18 or over _apart from yourself_ that you have not listed yet?
Listed so far: 1. [hp181stnam01], [hp18sex01] 2. [hp181stnam02], [hp18sex02] 3. [hp181stnam03], [hp18sex03] 4. [hp181stnam04], [hp18sex04] 5. [hp181stnam05], [hp18sex05] 6. [hp181stnam06], [hp18sex06] 7. [hp181stnam07], [hp18sex07]","Gibt es noch weitere im Haushalt lebende Personen ab 18 Jahren _außer Ihnen selbst_, die Sie noch nicht eingetragen haben? Bisher erfasst: 1. [hp181stnam01], [hp18sex01] 2. [hp181stnam02], [hp18sex02] 3. [hp181stnam03], [hp18sex03] 4. [hp181stnam04], [hp18sex04] 5. [hp181stnam05], [hp18sex05] 6. [hp181stnam06], [hp18sex06] 7. [hp181stnam07], [hp18sex07]",243_1,,,,,"Q55d6, Q55d6_1, Q55d6_2, Q49: (hhhage01>7 & hp18all06=1) | q55_06_check1=1 | q55_06_check2=1",,,cat
scp,2021_1,Q55a8,55a8,"Please indicate the name, surname, age, and gender of the 8th other person in the household aged 18 or over.","Bitte tragen Sie den Vornamen und Nachnamen, das Alter und das Geschlecht der 8. weiteren Person im Haushalt ab 18 Jahren ein",,"We need the fields marked with * (name, surname, age) to send the survey to this other person in the household.","Die mit * markierten Felder (Vorname, Nachname, Alter) benötigen wir, um dieser weiteren Person im Haushalt den Fragebogen zusenden zu können.",,,"Q55d7, Q55d7_1, Q55d7_2, Q49: (hhhage01>8 & hp18all07=1) | q55_07_check1=1 | q55_07_check2=1",,,txt
scp,2021_1,Q55a8,hp181stnam08,Name of the person:,Vorname der Person:,,,,,,,,,chr
scp,2021_1,Q55a8,hp182ndnam08,Surname of the person:,Nachname der Person:,,,,,,,,,chr
scp,2021_1,Q55b8,hp18age08,Age:,Alter:,,,,,,"Q55d7, Q55d7_1, Q55d7_2, Q49: (hhhage01>8 & hp18all07=1) | q55_07_check1=1 | q55_07_check2=1",,,int
scp,2021_1,Q55c8,hp18sex08,Sex:,Geschlecht:,211,,,,,"Q55d7, Q55d7_1, Q55d7_2, Q49: (hhhage01>8 & hp18all07=1) | q55_07_check1=1 | q55_07_check2=1",,,cat
scp,2021_1,Q55d8,hp18all08,"Are there any other people living in the household aged 18 or over _apart from yourself_ that you have not listed yet?
Listed so far: 1. [hp181stnam01], [hp18sex01] 2. [hp181stnam02], [hp18sex02] 3. [hp181stnam03], [hp18sex03] 4. [hp181stnam04], [hp18sex04] 5. [hp181stnam05], [hp18sex05] 6. [hp181stnam06], [hp18sex06] 7. [hp181stnam07], [hp18sex07] 8. [hp181stnam08], [hp18sex08]","Gibt es noch weitere im Haushalt lebende Personen ab 18 Jahren _außer Ihnen selbst_, die Sie noch nicht eingetragen haben? Bisher erfasst: 1. [hp181stnam01], [hp18sex01] 2. [hp181stnam02], [hp18sex02] 3. [hp181stnam03], [hp18sex03] 4. [hp181stnam04], [hp18sex04] 5. [hp181stnam05], [hp18sex05] 6. [hp181stnam06], [hp18sex06] 7. [hp181stnam07], [hp18sex07] 8. [hp181stnam08], [hp18sex08]",243_1,,,,,"Q55d7, Q55d7_1, Q55d7_2, Q49: (hhhage01>8 & hp18all07=1) | q55_07_check1=1 | q55_07_check2=1",,,cat
scp,2021_1,Q55a9,55a9,"Please indicate the name, surname, age, and gender of the 9th other person in the household aged 18 or over.","Bitte tragen Sie den Vornamen und Nachnamen, das Alter und das Geschlecht der 9. weiteren Person im Haushalt ab 18 Jahren ein",,"We need the fields marked with * (name, surname, age) to send the survey to this other person in the household.","Die mit * markierten Felder (Vorname, Nachname, Alter) benötigen wir, um dieser weiteren Person im Haushalt den Fragebogen zusenden zu können.",,,"Q55d8, Q55d8_1, Q55d8_2, Q49: (hhhage01>9 & hp18all08=1) | q55_08_check1=1 | q55_08_check2=1",,,txt
scp,2021_1,Q55a9,hp181stnam09,Name of the person:,Vorname der Person:,,,,,,,,,chr
scp,2021_1,Q55a9,hp182ndnam09,Surname of the person:,Nachname der Person:,,,,,,,,,chr
scp,2021_1,Q55b9,hp18age09,Age:,Alter:,,,,,,"Q55d8, Q55d8_1, Q55d8_2, Q49: (hhhage01>9 & hp18all08=1) | q55_08_check1=1 | q55_08_check2=1",,,int
scp,2021_1,Q55c9,hp18sex09,Sex:,Geschlecht:,211,,,,,"Q55d8, Q55d8_1, Q55d8_2, Q49: (hhhage01>9 & hp18all08=1) | q55_08_check1=1 | q55_08_check2=1",,,cat
scp,2021_1,Q55d9,hp18all09,"Are there any other people living in the household aged 18 or over _apart from yourself_ that you have not listed yet?
Listed so far: 1. [hp181stnam01], [hp18sex01] 2. [hp181stnam02], [hp18sex02] 3. [hp181stnam03], [hp18sex03] 4. [hp181stnam04], [hp18sex04] 5. [hp181stnam05], [hp18sex05] 6. [hp181stnam06], [hp18sex06] 7. [hp181stnam07], [hp18sex07] 8. [hp181stnam08], [hp18sex08] 9. [hp181stnam09], [hp18sex09]","Gibt es noch weitere im Haushalt lebende Personen ab 18 Jahren _außer Ihnen selbst_, die Sie noch nicht eingetragen haben? Bisher erfasst: 1. [hp181stnam01], [hp18sex01] 2. [hp181stnam02], [hp18sex02] 3. [hp181stnam03], [hp18sex03] 4. [hp181stnam04], [hp18sex04] 5. [hp181stnam05], [hp18sex05] 6. [hp181stnam06], [hp18sex06] 7. [hp181stnam07], [hp18sex07] 8. [hp181stnam08], [hp18sex08] 9. [hp181stnam09], [hp18sex09]",243_1,,,,,"Q55d8, Q55d8_1, Q55d8_2, Q49: (hhhage01>9 & hp18all08=1) | q55_08_check1=1 | q55_08_check2=1",,,cat
scp,2021_1,Q55a10,55a10,"Please indicate the name, surname, age, and gender of the 10th other person in the household aged 18 or over.","Bitte tragen Sie den Vornamen und Nachnamen, das Alter und das Geschlecht der 10. weiteren Person im Haushalt ab 18 Jahren ein",,"We need the fields marked with * (name, surname, age) to send the survey to this other person in the household.","Die mit * markierten Felder (Vorname, Nachname, Alter) benötigen wir, um dieser weiteren Person im Haushalt den Fragebogen zusenden zu können.",,,"Q55d9, Q55d9_1, Q55d9_2, Q49: (hhhage01>10 & hp18all09=1) | q55_09_check1=1 | q55_09_check2=1",,,txt
scp,2021_1,Q55a10,hp181stnam10,Name of the person:,Vorname der Person:,,,,,,,,,chr
scp,2021_1,Q55a10,hp182ndnam10,Surname of the person:,Nachname der Person:,,,,,,,,,chr
scp,2021_1,Q55b10,hp18age10,Age:,Alter:,,,,,,"Q55d9, Q55d9_1, Q55d9_2, Q49: (hhhage01>10 & hp18all09=1) | q55_09_check1=1 | q55_09_check2=1",,,int
scp,2021_1,Q55c10,hp18sex10,Sex:,Geschlecht:,211,,,,,"Q55d9, Q55d9_1, Q55d9_2, Q49: (hhhage01>10 & hp18all09=1) | q55_09_check1=1 | q55_09_check2=1",,,cat
scp,2021_1,Q55d10,hp18all10,"Are there any other people living in the household aged 18 or over _apart from yourself_ that you have not listed yet?
Listed so far: 1. [hp181stnam01], [hp18sex01] 2. [hp181stnam02], [hp18sex02] 3. [hp181stnam03], [hp18sex03] 4. [hp181stnam04], [hp18sex04] 5. [hp181stnam05], [hp18sex05] 6. [hp181stnam06], [hp18sex06] 7. [hp181stnam07], [hp18sex07] 8. [hp181stnam08], [hp18sex08] 9. [hp181stnam09], [hp18sex09] 10. [hp181stnam10], [hp18sex10]","Gibt es noch weitere im Haushalt lebende Personen ab 18 Jahren _außer Ihnen selbst_, die Sie noch nicht eingetragen haben? Bisher erfasst: 1. [hp181stnam01], [hp18sex01] 2. [hp181stnam02], [hp18sex02] 3. [hp181stnam03], [hp18sex03] 4. [hp181stnam04], [hp18sex04] 5. [hp181stnam05], [hp18sex05] 6. [hp181stnam06], [hp18sex06] 7. [hp181stnam07], [hp18sex07] 8. [hp181stnam08], [hp18sex08] 9. [hp181stnam09], [hp18sex09] 10. [hp181stnam10], [hp18sex10]",243_1,,,,,"Q55d9, Q55d9_1, Q55d9_2, Q49: (hhhage01>10 & hp18all09=1) | q55_09_check1=1 | q55_09_check2=1",,,cat
scp,2021_1,Q55a11,55a11,"Please indicate the name, surname, age, and gender of the 11th other person in the household aged 18 or over.","Bitte tragen Sie den Vornamen und Nachnamen, das Alter und das Geschlecht der 11. weiteren Person im Haushalt ab 18 Jahren ein",,"We need the fields marked with * (name, surname, age) to send the survey to this other person in the household.","Die mit * markierten Felder (Vorname, Nachname, Alter) benötigen wir, um dieser weiteren Person im Haushalt den Fragebogen zusenden zu können.",,,"Q55d10, Q55d10_1, Q55d10_2, Q49: (hhhage01>11 & hp18all10=1) | q55_10_check1=1 | q55_10_check2=1",,,txt
scp,2021_1,Q55a11,hp181stnam11,Name of the person:,Vorname der Person:,,,,,,,,,chr
scp,2021_1,Q55a11,hp182ndnam11,Surname of the person:,Nachname der Person:,,,,,,,,,chr
scp,2021_1,Q55b11,hp18age11,Age:,Alter:,,,,,,"Q55d10, Q55d10_1, Q55d10_2, Q49: (hhhage01>11 & hp18all10=1) | q55_10_check1=1 | q55_10_check2=1",,,int
scp,2021_1,Q55c11,hp18sex11,Sex:,Geschlecht:,211,,,,,"Q55d10, Q55d10_1, Q55d10_2, Q49: (hhhage01>11 & hp18all10=1) | q55_10_check1=1 | q55_10_check2=1",,,cat
scp,2021_1,Q55d11,hp18all11,"Are there any other people living in the household aged 18 or over _apart from yourself_ that you have not listed yet?
Listed so far: 1. [hp181stnam01], [hp18sex01] 2. [hp181stnam02], [hp18sex02] 3. [hp181stnam03], [hp18sex03] 4. [hp181stnam04], [hp18sex04] 5. [hp181stnam05], [hp18sex05] 6. [hp181stnam06], [hp18sex06] 7. [hp181stnam07], [hp18sex07] 8. [hp181stnam08], [hp18sex08] 9. [hp181stnam09], [hp18sex09] 10. [hp181stnam10], [hp18sex10] 11. [hp181stnam11], [hp18sex11]","Gibt es noch weitere im Haushalt lebende Personen ab 18 Jahren _außer Ihnen selbst_, die Sie noch nicht eingetragen haben? Bisher erfasst: 1. [hp181stnam01], [hp18sex01] 2. [hp181stnam02], [hp18sex02] 3. [hp181stnam03], [hp18sex03] 4. [hp181stnam04], [hp18sex04] 5. [hp181stnam05], [hp18sex05] 6. [hp181stnam06], [hp18sex06] 7. [hp181stnam07], [hp18sex07] 8. [hp181stnam08], [hp18sex08] 9. [hp181stnam09], [hp18sex09] 10. [hp181stnam10], [hp18sex10] 11. [hp181stnam11], [hp18sex11]",243_1,,,,,"Q55d10, Q55d10_1, Q55d10_2, Q49: (hhhage01>11 & hp18all10=1) | q55_10_check1=1 | q55_10_check2=1",,,cat
scp,2021_1,Q55a12,55a12,"Please indicate the name, surname, age, and gender of the 12th other person in the household aged 18 or over.","Bitte tragen Sie den Vornamen und Nachnamen, das Alter und das Geschlecht der 12. weiteren Person im Haushalt ab 18 Jahren ein",,"We need the fields marked with * (name, surname, age) to send the survey to this other person in the household.","Die mit * markierten Felder (Vorname, Nachname, Alter) benötigen wir, um dieser weiteren Person im Haushalt den Fragebogen zusenden zu können.",,,"Q55d11, Q55d11_1, Q55d11_2, Q49: (hhhage01>12 & hp18all11=1) | q55_11_check1=1 | q55_11_check2=1",,,txt
scp,2021_1,Q55a12,hp181stnam12,Name of the person:,Vorname der Person:,,,,,,,,,chr
scp,2021_1,Q55a12,hp182ndnam12,Surname of the person:,Nachname der Person:,,,,,,,,,chr
scp,2021_1,Q55b12,hp18age12,Age:,Alter:,,,,,,"Q55d11, Q55d11_1, Q55d11_2, Q49: (hhhage01>12 & hp18all11=1) | q55_11_check1=1 | q55_11_check2=1",,,int
scp,2021_1,Q55c12,hp18sex12,Sex:,Geschlecht:,211,,,,,"Q55d11, Q55d11_1, Q55d11_2, Q49: (hhhage01>12 & hp18all11=1) | q55_11_check1=1 | q55_11_check2=1",,,cat
scp,2021_1,Q55d12,hp18all12,"Are there any other people living in the household aged 18 or over _apart from yourself_ that you have not listed yet?
Listed so far: 1. [hp181stnam01], [hp18sex01] 2. [hp181stnam02], [hp18sex02] 3. [hp181stnam03], [hp18sex03] 4. [hp181stnam04], [hp18sex04] 5. [hp181stnam05], [hp18sex05] 6. [hp181stnam06], [hp18sex06] 7. [hp181stnam07], [hp18sex07] 8. [hp181stnam08], [hp18sex08] 9. [hp181stnam09], [hp18sex09] 10. [hp181stnam10], [hp18sex10] 11. [hp181stnam11], [hp18sex11] 12. [hp181stnam12], [hp18sex12]","Gibt es noch weitere im Haushalt lebende Personen ab 18 Jahren _außer Ihnen selbst_, die Sie noch nicht eingetragen haben? Bisher erfasst: 1. [hp181stnam01], [hp18sex01] 2. [hp181stnam02], [hp18sex02] 3. [hp181stnam03], [hp18sex03] 4. [hp181stnam04], [hp18sex04] 5. [hp181stnam05], [hp18sex05] 6. [hp181stnam06], [hp18sex06] 7. [hp181stnam07], [hp18sex07] 8. [hp181stnam08], [hp18sex08] 9. [hp181stnam09], [hp18sex09] 10. [hp181stnam10], [hp18sex10] 11. [hp181stnam11], [hp18sex11] 12. [hp181stnam12], [hp18sex12]",243_1,,,,,"Q55d11, Q55d11_1, Q55d11_2, Q49: (hhhage01>12 & hp18all11=1) | q55_11_check1=1 | q55_11_check2=1",,,cat
scp,2021_1,Q55e,55e,Thank you very much. We arrived at the last question!,"Vielen Dank, nun kommen wir zur letzten Frage!",,,,,,"Q55d[1-12]_3, Q55d12_5:  q55_01_check3=1 | q55_02_check3=1 | q55_03_check3=1 | q55_04_check3=1 | q55_05_check3=1 | q55_06_check3=1 | q55_07_check3=1 | q55_08_check3=1 |   q5_09_check3=1 |   q55_10_check3=1 | q55_11_check3=1 | q55_12_check3=1 | q55_12_check6=1  | q55_12_check7=1",,,txt
scp,2021_1,Q56a,pdevice,"To ensure data quality, we would like to know what device types you used to participate in our survey?","Zur Sicherung der Datenqualität würden wir gerne wissen, mit welchem Gerätetypen Sie an unserer Befragung teilgenommen haben?",,Please select _everything_ that applies to you.,Bitte markieren Sie _alles_ Zutreffende.,,,mode: mode=2,,,txt
scp,2021_1,Q56a,pdevice01,Stationary computer/PC,Stationärer Computer/PC,,,,,,,,,bin
scp,2021_1,Q56a,pdevice02,Laptop/Notebook,Laptop/Notebook,,,,,,,,,bin
scp,2021_1,Q56a,pdevice03,Tablet,Tablet,,,,,,,,,bin
scp,2021_1,Q56a,pdevice04,Smartphone,Smartphone,,,,,,,,,bin
scp,2021_1,Q56a,pdevice05,Other device types,Anderer Gerätetyp,,,,,,,,,bin
scp,2021_1,Q56b,pothdevice,What other type of device did you use for input?,Welchen anderen Gerätetyp haben Sie zur Eingabe verwendet?,,Other device type:,Anderer Gerätetyp:,,,Q56a: pdevice=05,,,chr
