study,dataset,name,concept,description,description_de,label,label_de,version,template_id,type,case_sensitive_name,categories,categories_de
scp,p,pid,,,,Never Changing Person ID,Unveränderliche Personennummer,2021_1,,long,,,
scp,p,hid,,,,Current Household Number,Aktuelle Haushaltsnummer,2021_1,,long,,,
scp,p,cid,,,,Original Household Number,Ursprungshaushaltsnummer,2021_1,,long,,,
scp,p,syear,,,,Survey Year,Erhebungsjahr (Survey Year),2021_1,,float,,,
scp,p,pgmode,,,,Survey Mode,Erhebungsmodus,2021_1,,int,,,
scp,p,ZG,,,,Target group,Zielgruppe,2021_1,,byte,,,
scp,p,interviewdatum,,,,Interview: date,Interview: Datum,2021_1,,double,,,
scp,p,interviewdauer,,,,Interview: length,Interview: Dauer,2021_1,,float,,,
scp,p,interviewsprache,,,,Interview: language,Interview: Sprache,2021_1,,byte,,,
scp,p,intvollst,,,,Interview: completeness,Interview: Vollständigkeit,2021_1,,byte,,,
scp,p,pcohes01,,,,SC-ideal: fixed place,GZ-Ideal: fester Platz in Gesellschaft,2021_1,,byte,,,
scp,p,pcohes02,,,,SC-ideal: free development,GZ-Ideal: freie Entfaltung,2021_1,,byte,,,
scp,p,pcohes03,,,,SC-ideal: same values & cultural practices,"GZ-Ideal: gleiche Werte, Sitten & Gebräuche",2021_1,,byte,,,
scp,p,pcohes04,,,,SC-ideal: coexistence of different cultures,GZ-Ideal: Zusammenleben unterschiedl. Kulturen,2021_1,,byte,,,
scp,p,pcohes05,,,,SC-ideal: abidance of law & order,GZ-Ideal: Einhaltung von Recht & Ordnung,2021_1,,byte,,,
scp,p,pcohes06,,,,SC-ideal: live as you want to,"GZ-Ideal: leben, wie man möchte",2021_1,,byte,,,
scp,p,pcohes07,,,,SC-ideal: discuss & work out compromises,GZ-Ideal: diskutieren & Kompromisse erarbeiten,2021_1,,byte,,,
scp,p,pcohes08,,,,SC-ideal: someone who calls the shots,"GZ-Ideal: jemand der sagt, wo es lang geht",2021_1,,byte,,,
scp,p,pcohes09,,,,SC-ideal: close cohesion in family & neighbourhood,GZ-Ideal: enger Zusammenhalt in Familie & Nachbarschaft,2021_1,,byte,,,
scp,p,pcohes10,,,,SC-ideal: live unattached,GZ-Ideal: ungebunden leben,2021_1,,byte,,,
scp,p,pcohes11,,,,SC Ideal: equal political influence,GZ-Ideal: gleicher politischer Einfluss,2021_1,,byte,,,
scp,p,pcohes12,,,,SC Ideal: self-restraint for the benefit of society,GZ-Ideal: Selbsteinschränkungen zum Wohl der Gesellschaft,2021_1,,byte,,,
scp,p,plifeuse,,,,Life valuable & useful,Leben wertvoll & nützlich,2021_1,,byte,,,
scp,p,plifesat,,,,Life satisfaction,Lebenszufriedenheit,2021_1,,byte,,,
scp,p,ppolatt,,,,Political positioning (left-right),Politische Verortung (links-rechts),2021_1,,byte,,,
scp,p,pgender,,,,Gender respondent,Geschlecht Befragte/r,2021_1,,byte,,,
scp,p,pbirthmnth,,,,Birth month respondent,Geburtsmonat Befragte/r,2021_1,,byte,,,
scp,p,pbirthyear,,Birth years 1921 and earlier were combined into one category for data protection reasons.,Geburtsjahre 1921 und früher wurden aus Datenschutzgründen zu einer Kategorie zusammengefasst.,Birth year respondent,Geburtsjahr Befragte/r,2021_1,,byte,,,
scp,p,pfamstat,,,,Family status respondent,Familienstand Befragte/r,2021_1,,byte,,,
scp,p,pcohab,,,,Partner in HH,Partner/in im HH,2021_1,,byte,,,
scp,p,pcov01,,,,Covid-Prio: protection of life,Covid-Prio: Schutz des Lebens,2021_1,,byte,,,
scp,p,pcov02,,,,Covid-Prio: economy,Covid-Prio: Wirtschaft,2021_1,,byte,,,
scp,p,pcov03,,,,Covid-Prio: civil liberties,Covid-Prio: Freiheitsrechte,2021_1,,byte,,,
scp,p,pcov04,,,,Covid-Prio: individual responsibility,Covid-Prio: Eigenverantwortung,2021_1,,byte,,,
scp,p,pcovmeas,,,,Appropriateness of COVID measures,Angemessenheit von Corona-Maßnahmen,2021_1,,byte,,,
scp,p,pcovlim,,,,Restrictions caused by COVID measures,Einschränkung durch Corona-Maßnahmen,2021_1,,byte,,,
scp,p,psuppo01,,,,Soc. support: personal matters,Soz. Unterstützung: persönliche Angelegenheiten,2021_1,,byte,,,
scp,p,psuppo02,,,,Soc. support: professional growth,Soz. Unterstützung: berufliches Vorankommen,2021_1,,byte,,,
scp,p,psuppo03,,,,Soc. support: financial & legal problems,Soz. Unterstützung: finanzielle & rechtliche Probleme,2021_1,,byte,,,
scp,p,psuppo04,,,,Soc. support: care,Soz. Unterstützung: Pflege,2021_1,,byte,,,
scp,p,pgentrust,,,,Generalised trust,Generalisiertes Vertrauen,2021_1,,byte,,,
scp,p,pinsttrust01,,,,Trust: federal government,Vertrauen: Bundesregierung,2021_1,,byte,,,
scp,p,pinsttrust02,,,,Trust: Germany’s parliament,Vertrauen: Bundestag,2021_1,,byte,,,
scp,p,pinsttrust03,,,,Trust: the legal system,Vertrauen: Justiz,2021_1,,byte,,,
scp,p,pinsttrust04,,,,Trust: authorities & public administration,Vertrauen: Behörden & Verwaltung,2021_1,,byte,,,
scp,p,pinsttrust05,,,,Trust: public broadcasting,Vertrauen: öffentlich-rechtlicher Rundfunk,2021_1,,byte,,,
scp,p,pinsttrust06,,,,Trust: large internet companies,Vertrauen: große Internet-Unternehmen,2021_1,,byte,,,
scp,p,pinsttrust07,,,,Trust: police,Vertrauen: Polizei,2021_1,,byte,,,
scp,p,pinsttrust08,,,,Trust: political parties,Vertrauen: Parteien,2021_1,,byte,,,
scp,p,pinsttrust09,,,,Trust: European Union,Vertrauen: Europäische Union,2021_1,,byte,,,
scp,p,pinsttrust10,,,,Trust: sciences,Vertrauen: Wissenschaft,2021_1,,byte,,,
scp,p,pinsttrust11,,,,Trust: civil society organisations,Vertrauen: zivilgesellschaftliche Organisationen,2021_1,,byte,,,
scp,p,porigin,,,,Birth country respondent,Geburtsland Befragte/r,2021_1,,byte,,,
scp,p,pothcount,,,,Other birth country respondent,Anderes Geburtsland Befragte/r,2021_1,,int,,,
scp,p,pgermstay,,,,Stay in Germany respondent,Aufenthalt in Deutschland Befragte/r,2021_1,,byte,,,
scp,p,pnation01,,,,German nationality respondent,Deutsche Staatsangehörigkeit Befragte/r,2021_1,,byte,,,
scp,p,pnation02,,,,Other nationality respondent,Andere Staatsbürgerschaft Befragte/r,2021_1,,byte,,,
scp,p,pnatoth,,,,Additional nationality respondent,Weitere Staatsbürgerschaft Befragte/r,2021_1,,string,,,
scp,p,pmigback01,,,,Parents from Germany,Eltern aus Deutschland,2021_1,,byte,,,
scp,p,pmigback02,,,,Grandparents from Germany,Großeltern aus Deutschland,2021_1,,byte,,,
scp,p,preligion,,,,Religious affiliation,Religionszugehörigkeit,2021_1,,byte,,,
scp,p,pdemocfit,,,,Democracy suits our society the best,Demokratie am besten für unsere Gesellschaft,2021_1,,byte,,,
scp,p,pdemocsat,,,,Satisfaction with democracy,Demokratiezufriedenheit,2021_1,,byte,,,
scp,p,pclimsor,,,,Concerns climate change,Besorgnis Klimawandel,2021_1,,byte,,,
scp,p,pclimcon,,,,Stoppability climate change,Aufhaltbarkeit Klimawandel,2021_1,,byte,,,
scp,p,pfamexp01,,,,Family: resolved conflicts,Familie: gelöste Konflikte,2021_1,,byte,,,
scp,p,pfamexp02,,,,Family: unresolved conflicts,Familie: ungelöste Konflikte,2021_1,,byte,,,
scp,p,pfamexp03,,,,Family: appreciation,Familie: Wertschätzung,2021_1,,byte,,,
scp,p,pfamexp04,,,,Family: devaluation,Familie: Abwertung,2021_1,,byte,,,
scp,p,pfamexp05,,,,Family: togetherness,Familie: Zusammengehörigkeit,2021_1,,byte,,,
scp,p,pfamexp06,,,,Family: support,Familie: Unterstützung,2021_1,,byte,,,
scp,p,pworkexp01,,,,Work: resolved conflicts,Arbeit: gelöste Konflikte,2021_1,,byte,,,
scp,p,pworkexp02,,,,Work: unresolved conflicts,Arbeit: ungelöste Konflikte,2021_1,,byte,,,
scp,p,pworkexp03,,,,Work: appreciation,Arbeit: Wertschätzung,2021_1,,byte,,,
scp,p,pworkexp04,,,,Work: devaluation,Arbeit: Abwertung,2021_1,,byte,,,
scp,p,pworkexp05,,,,Work: togetherness,Arbeit: Zusammengehörigkeit,2021_1,,byte,,,
scp,p,pworkexp06,,,,Work: support,Arbeit: Unterstützung,2021_1,,byte,,,
scp,p,pneighexp01,,,,Neighbourhood: resolved conflicts,Nachbarschaft: gelöste Konflikte,2021_1,,byte,,,
scp,p,pneighexp02,,,,Neighbourhood: unresolved conflicts,Nachbarschaft: ungelöste Konflikte,2021_1,,byte,,,
scp,p,pneighexp03,,,,Neighbourhood: appreciation,Nachbarschaft: Wertschätzung,2021_1,,byte,,,
scp,p,pneighexp04,,,,Neighbourhood: devaluation,Nachbarschaft: Abwertung,2021_1,,byte,,,
scp,p,pneighexp05,,,,Neighbourhood: togetherness,Nachbarschaft: Zusammengehörigkeit,2021_1,,byte,,,
scp,p,pneighexp06,,,,Neighbourhood: support,Nachbarschaft: Unterstützung,2021_1,,byte,,,
scp,p,punivtrad01,,,,Trad.: German tradition important,Trad.: deutsche Tradition wichtig,2021_1,,byte,,,
scp,p,punivtrad02,,,,Trad.: adherence of habits & customs,Trad.: Einhaltung von Sitten & Gebräuchen,2021_1,,byte,,,
scp,p,punivtrad03,,,,Trad.: conservation of own culture,Trad.: Schutz eigener Kultur,2021_1,,byte,,,
scp,p,punivtrad04,,,,"Trad.: valuing diversity of lifestyles, cultures & religions","Trad.: Schätzen der Vielfalt von Lebensstilen, Kulturen & Religionen",2021_1,,byte,,,
scp,p,punivtrad05,,,,Trad.: better if there is diversity of cultures,"Trad.: besser, wenn es Vielfalt von Kulturen gibt",2021_1,,byte,,,
scp,p,punivtrad06,,,,Trad.: right to live in any country,"Trad.: Recht, in jedem Land zu leben",2021_1,,byte,,,
scp,p,pgrpsymp01,,,,Sympathy: city dwellers,Sympathie: Großstädter,2021_1,,byte,,,
scp,p,pgrpsymp02,,,,Sympathy: rural population,Sympathie: Landbevölkerung,2021_1,,byte,,,
scp,p,pgrpsymp03,,,,Sympathy: Eastern Germans,Sympathie: Ostdeutsche,2021_1,,byte,,,
scp,p,pgrpsymp04,,,,Sympathy: Western Germans,Sympathie: Westdeutsche,2021_1,,byte,,,
scp,p,pgrpsymp05,,,,Sympathy: German citizens,Sympathie: deutsche Staatsbürger,2021_1,,byte,,,
scp,p,pgrpsymp06,,,,Sympathy: migrants,Sympathie: Migranten,2021_1,,byte,,,
scp,p,pgrpsymp07,,,,Sympathy: Muslims,Sympathie: Muslime,2021_1,,byte,,,
scp,p,pgrpsymp08,,,,Sympathy: Christians,Sympathie: Christen,2021_1,,byte,,,
scp,p,pgrpsymp09,,,,Sympathy: university graduates,Sympathie: Universitätsabsolventen,2021_1,,byte,,,
scp,p,pgrpsymp10,,,,Sympathy: people without education,Sympathie: Pers. ohne Ausbildung,2021_1,,byte,,,
scp,p,pgrpsymp11,,,,Sympathy: poor people,Sympathie: Arme,2021_1,,byte,,,
scp,p,pgrpsymp12,,,,Sympathy: rich people,Sympathie: Reiche,2021_1,,byte,,,
scp,p,pgrpsymp13,,,,Sympathy: political left persons,Sympathie: Linke,2021_1,,byte,,,
scp,p,pgrpsymp14,,,,Sympathy: political right persons,Sympathie: Rechte,2021_1,,byte,,,
scp,p,pgrpsymp15,,,,Sympathy: Gruenen sympathisers,Sympathie: Grünen-Sympathisanten,2021_1,,byte,,,
scp,p,pgrpsymp16,,,,Sympathy: AfD sympathisers,Sympathie: AfD-Sympathisanten,2021_1,,byte,,,
scp,p,pgrpsymp17,,,,Sympathy: homosexuals,Sympathie: Homosexuelle,2021_1,,byte,,,
scp,p,pgrpknow01,,,,Acquaint: city dwellers,Bekannte: Großstädter,2021_1,,byte,,,
scp,p,pgrpknow02,,,,Acquaint: rural population,Bekannte: Landbevölkerung,2021_1,,byte,,,
scp,p,pgrpknow03,,,,Acquaint: Eastern Germans,Bekannte: Ostdeutsche,2021_1,,byte,,,
scp,p,pgrpknow04,,,,Acquaint: Western Germans,Bekannte: Westdeutsche,2021_1,,byte,,,
scp,p,pgrpknow05,,,,Acquaint: German citizens,Bekannte: deutsche Staatsbürger,2021_1,,byte,,,
scp,p,pgrpknow06,,,,Acquaint: migrants,Bekannte: Migranten,2021_1,,byte,,,
scp,p,pgrpknow07,,,,Acquaint: Muslims,Bekannte: Muslime,2021_1,,byte,,,
scp,p,pgrpknow08,,,,Acquaint: Christians,Bekannte: Christen,2021_1,,byte,,,
scp,p,pgrpknow09,,,,Acquaint: university graduates,Bekannte: Universitätsabsolventen,2021_1,,byte,,,
scp,p,pgrpknow10,,,,Acquaint: people without education,Bekannte: Pers. ohne Ausbildung,2021_1,,byte,,,
scp,p,pgrpknow11,,,,Acquaint: poor people,Bekannte: Arme,2021_1,,byte,,,
scp,p,pgrpknow12,,,,Acquaint: rich people,Bekannte: Reiche,2021_1,,byte,,,
scp,p,pgrpknow13,,,,Acquaint: political left persons,Bekannte: Linke,2021_1,,byte,,,
scp,p,pgrpknow14,,,,Acquaint: political right persons,Bekannte: Rechte,2021_1,,byte,,,
scp,p,pgrpknow15,,,,Acquaint: Gruenen sympathisers,Bekannte: Grünen-Sympathisanten,2021_1,,byte,,,
scp,p,pgrpknow16,,,,Acquaint: AfD sympathisers,Bekannte: AfD-Sympathisanten,2021_1,,byte,,,
scp,p,pgrpknow17,,,,Acquaint: homosexuals,Bekannte: Homosexuelle,2021_1,,byte,,,
scp,p,pfreespeech,,,,Freedom of speech,Meinungsfreiheit,2021_1,,byte,,,
scp,p,pfrspcons01,,,,FoS-Reaction: others contradict,MF-Reaktion: andere widersprechen,2021_1,,byte,,,
scp,p,pfrspcons02,,,,FoS-Reaction: others feel offended,MF-Reaktion: andere fühlen sich beleidigt,2021_1,,byte,,,
scp,p,pfrspcons03,,,,FoS-Reaction: one is called radical,MF-Reaktion: selbst als radikal gelten,2021_1,,byte,,,
scp,p,pfrspcons04,,,,FoS-Reaction: attack in social media,MF-Reaktion: Attacke in sozialen Medien,2021_1,,byte,,,
scp,p,pfrspcons05,,,,FoS-Reaction: turning away of friends / acquaintances,MF-Reaktion: Abkehr von Freunden / Bekannten,2021_1,,byte,,,
scp,p,pfrspcons06,,,,FoS-Reaction: professional harm,MF-Reaktion: beruflicher Schaden,2021_1,,byte,,,
scp,p,pfrspcons07,,,,FoS-Reaction: legal problems,MF-Reaktion: rechtliche Probleme,2021_1,,byte,,,
scp,p,ppopul01,,,,R-Populism: losing touch with ordinary people,R-Populismus: Entkopplung vom Volk,2021_1,,byte,,,
scp,p,ppopul02,,,,R-Populism: no influence on government,R-Populismus: kein Einfluss auf Regierung,2021_1,,byte,,,
scp,p,ppopul03,,,,"R-Populism: politicians talk much, act little","R-Populismus: Politiker reden viel, handeln wenig",2021_1,,byte,,,
scp,p,ppopul04,,,,R-Populism: referendums have the final say,R-Populismus: Volksabstimmungen als letztes Wort,2021_1,,byte,,,
scp,p,ppopul05,,,,R-Populism: people should be asked,R-Populismus: Volk sollte gefragt werden,2021_1,,byte,,,
scp,p,ppopul06,,,,R-Populism: people should take important decisions,R-Populismus: Volk sollte wichtige Entscheidungen treffen,2021_1,,byte,,,
scp,p,ppopul07,,,,R-Populism: ordinary people pull together,R-Populismus: einfache Leute ziehen an einem Strang,2021_1,,byte,,,
scp,p,ppopul08,,,,R-Populism: ordinary people have good character,R-Populismus: einfache Leute verbindet guter Charakter,2021_1,,byte,,,
scp,p,ppopul09,,,,R-Populism: ordinary people share same values,R-Populismus: einfache Leute teilen gemeinsame Werte,2021_1,,byte,,,
scp,p,pladder01,,,,"Soc. ladder: own position, present","Soz. Leiter: eigene Position, Gegenwart ",2021_1,,byte,,,
scp,p,preldepriv,,,,Deprivation: Getting one’s fair share,Deprivation: Erhalt gerechter Anteil,2021_1,,byte,,,
scp,p,pedu01,,,,Highest school leaving certificate,Höchster Schulabschluss,2021_1,,byte,,,
scp,p,pedu02,,,,Highest educational qualification,Höchster Ausbildungsabschluss,2021_1,,byte,,,
scp,p,pempstat1,,,,Employment status,Erwerbsstatus,2021_1,,byte,,,
scp,p,pgainemp,,,,Once employed,Frühere Erwerbstätigkeit,2021_1,,byte,,,
scp,p,pempcond01,,,,Public service,Öffentlicher Dienst,2021_1,,byte,,,
scp,p,pempcond02,,,,Management role,Leitende Funktion,2021_1,,byte,,,
scp,p,pempcond03,,,,Temporary agency work,Zeit- bzw. Leiharbeitsverhältnis,2021_1,,byte,,,
scp,p,pcontract,,,,Stability of employment (fixed- vs. permanent),Stabilität des Arbeitsverhältnisses (befristet vs. Unbefristet),2021_1,,byte,,,
scp,p,poccstat,,,,Occupational status,Berufliche Stellung,2021_1,,byte,,,
scp,p,pselfemp,,,,Type of self-employment,Art Selbstständigkeit,2021_1,,byte,,,
scp,p,pcivil,,,,Type of civil servant,Art Beamte/r,2021_1,,byte,,,
scp,p,pempl,,,,Type of employee,Art Angestellte/r,2021_1,,byte,,,
scp,p,pworker,,,,Type of worker,Art Arbeiter/in,2021_1,,byte,,,
scp,p,plabincbrut,,,,"Gross labour earnings, last month","Brutto-Arbeitsverdienst, letzter Monat",2021_1,,byte,,,
scp,p,pnolabinc,,,,Not employed last month,Letzten Monat erwerbslos,2021_1,,byte,,,
scp,p,plabincnet,,,,"Net labour earnings, last month","Netto-Arbeitsverdienst, letzter Monat",2021_1,,byte,,,
scp,p,psundvote,,,,Opinion poll / voting intention,Wahlabsicht / Sonntagsfrage,2021_1,,byte,,,
scp,p,hhhtyp,,,,Household type,Haushaltstyp,2021_1,,byte,,,
scp,p,hhhsize,,,,Household size,Haushaltsgröße,2021_1,,byte,,,
scp,p,hhhage01,,,,Number HH members 18+ yrs,Anzahl HH-Mitglieder 18+ J,2021_1,,byte,,,
scp,p,hhhage02,,,,Number HH members <14 yrs,Anzahl HH-Mitglieder <14 J,2021_1,,byte,,,
scp,p,hhhage03,,,,No HH member <14 yrs,Keine HH-Mitglieder <14 J,2021_1,,byte,,,
scp,p,hhhincnet,,,,"HH net income, monthly","HH-Nettoeinkommen, monatlich",2021_1,,byte,,,
scp,p,hhhbasup,,,,HH receives basic provision benefits,HH-Bezug Grundsicherung,2021_1,,byte,,,
scp,p,hpname01,,,,1. HM: first name,1. HM: Vorname,2021_1,,float,,,
scp,p,hpsex01,,,,1. other HH member (HM): gender,1. weiteres HH-Mitglied (HM): Geschlecht,2021_1,,byte,,,
scp,p,hprelat01,,,,1. HM: relation to anchor,1. HM: Beziehung zum Anker,2021_1,,byte,,,
scp,p,hpbmnth01,,,,1. HM: birth month,1. HM: Geburtsmonat,2021_1,,byte,,,
scp,p,hpbyear01,,Birth years 1921 and earlier were combined into one category for data protection reasons.,Geburtsjahre 1921 und früher wurden aus Datenschutzgründen zu einer Kategorie zusammengefasst.,1. HM: birth year,1. HM: Geburtsjahr,2021_1,,byte,,,
scp,p,hpall01,,,,1. HM: additional HH member?,1. HM: weiteres HH-Mitglied?,2021_1,,byte,,,
scp,p,hpname02,,,,2. HM: first name,2. HM: Vorname,2021_1,,float,,,
scp,p,hpsex02,,,,2. HM: gender,2. HM: Geschlecht,2021_1,,byte,,,
scp,p,hprelat02,,,,2. HM: relation to anchor,2. HM: Beziehung zum Anker,2021_1,,byte,,,
scp,p,hpbmnth02,,,,2. HM: birth month,2. HM: Geburtsmonat,2021_1,,byte,,,
scp,p,hpbyear02,,Birth years 1921 and earlier were combined into one category for data protection reasons.,Geburtsjahre 1921 und früher wurden aus Datenschutzgründen zu einer Kategorie zusammengefasst.,2. HM: birth year,2. HM: Geburtsjahr,2021_1,,byte,,,
scp,p,hpall02,,,,2. HM: additional HH member?,2. HM: weiteres HH-Mitglied?,2021_1,,byte,,,
scp,p,hpname03,,,,3. HM: first name,3. HM: Vorname,2021_1,,float,,,
scp,p,hpsex03,,,,3. HM: gender,3. HM: Geschlecht,2021_1,,byte,,,
scp,p,hprelat03,,,,3. HM: relation to anchor,3. HM: Beziehung zum Anker,2021_1,,byte,,,
scp,p,hpbmnth03,,,,3. HM: birth month,3. HM: Geburtsmonat,2021_1,,byte,,,
scp,p,hpbyear03,,Birth years 1921 and earlier were combined into one category for data protection reasons.,Geburtsjahre 1921 und früher wurden aus Datenschutzgründen zu einer Kategorie zusammengefasst.,3. HM: birth year,3. HM: Geburtsjahr,2021_1,,byte,,,
scp,p,hpall03,,,,3. HM: additional HH member?,3. HM: weiteres HH-Mitglied?,2021_1,,byte,,,
scp,p,hpname04,,,,4. HM: first name,4. HM: Vorname,2021_1,,float,,,
scp,p,hpsex04,,,,4. HM: gender,4. HM: Geschlecht,2021_1,,byte,,,
scp,p,hprelat04,,,,4. HM: relation to anchor,4. HM: Beziehung zum Anker,2021_1,,byte,,,
scp,p,hpbmnth04,,,,4. HM: birth month,4. HM: Geburtsmonat,2021_1,,byte,,,
scp,p,hpbyear04,,Birth years 1921 and earlier were combined into one category for data protection reasons.,Geburtsjahre 1921 und früher wurden aus Datenschutzgründen zu einer Kategorie zusammengefasst.,4. HM: birth year,4. HM: Geburtsjahr,2021_1,,byte,,,
scp,p,hpall04,,,,4. HM: additional HH member?,4. HM: weiteres HH-Mitglied?,2021_1,,byte,,,
scp,p,hpname05,,,,5. HM: first name,5. HM: Vorname,2021_1,,float,,,
scp,p,hpsex05,,,,5. HM: gender,5. HM: Geschlecht,2021_1,,byte,,,
scp,p,hprelat05,,,,5. HM: relation to anchor,5. HM: Beziehung zum Anker,2021_1,,byte,,,
scp,p,hpbmnth05,,,,5. HM: birth month,5. HM: Geburtsmonat,2021_1,,byte,,,
scp,p,hpbyear05,,Birth years 1921 and earlier were combined into one category for data protection reasons.,Geburtsjahre 1921 und früher wurden aus Datenschutzgründen zu einer Kategorie zusammengefasst.,5. HM: birth year,5. HM: Geburtsjahr,2021_1,,byte,,,
scp,p,hpall05,,,,5. HM: additional HH member?,5. HM: weiteres HH-Mitglied?,2021_1,,byte,,,
scp,p,hpname06,,,,6. HM: first name,6. HM: Vorname,2021_1,,float,,,
scp,p,hpsex06,,,,6. HM: gender,6. HM: Geschlecht,2021_1,,byte,,,
scp,p,hprelat06,,,,6. HM: relation to anchor,6. HM: Beziehung zum Anker,2021_1,,byte,,,
scp,p,hpbmnth06,,,,6. HM: birth month,6. HM: Geburtsmonat,2021_1,,byte,,,
scp,p,hpbyear06,,Birth years 1921 and earlier were combined into one category for data protection reasons.,Geburtsjahre 1921 und früher wurden aus Datenschutzgründen zu einer Kategorie zusammengefasst.,6. HM: birth year,6. HM: Geburtsjahr,2021_1,,byte,,,
scp,p,hpall06,,,,6. HM: additional HH member?,6. HM: weiteres HH-Mitglied?,2021_1,,byte,,,
scp,p,hpname07,,,,7. HM: first name,7. HM: Vorname,2021_1,,float,,,
scp,p,hpsex07,,,,7. HM: gender,7. HM: Geschlecht,2021_1,,byte,,,
scp,p,hprelat07,,,,7. HM: relation to anchor,7. HM: Beziehung zum Anker,2021_1,,byte,,,
scp,p,hpbmnth07,,,,7. HM: birth month,7. HM: Geburtsmonat,2021_1,,byte,,,
scp,p,hpbyear07,,Birth years 1921 and earlier were combined into one category for data protection reasons.,Geburtsjahre 1921 und früher wurden aus Datenschutzgründen zu einer Kategorie zusammengefasst.,7. HM: birth year,7. HM: Geburtsjahr,2021_1,,byte,,,
scp,p,hpall07,,,,7. HM: additional HH member?,7. HM: weiteres HH-Mitglied?,2021_1,,byte,,,
scp,p,hpname08,,,,8. HM: first name,8. HM: Vorname,2021_1,,float,,,
scp,p,hpsex08,,,,8. HM: gender,8. HM: Geschlecht,2021_1,,byte,,,
scp,p,hprelat08,,,,8. HM: relation to anchor,8. HM: Beziehung zum Anker,2021_1,,byte,,,
scp,p,hpbmnth08,,,,8. HM: birth month,8. HM: Geburtsmonat,2021_1,,byte,,,
scp,p,hpbyear08,,Birth years 1921 and earlier were combined into one category for data protection reasons.,Geburtsjahre 1921 und früher wurden aus Datenschutzgründen zu einer Kategorie zusammengefasst.,8. HM: birth year,8. HM: Geburtsjahr,2021_1,,byte,,,
scp,p,hpall08,,,,8. HM: additional HH member?,8. HM: weiteres HH-Mitglied?,2021_1,,byte,,,
scp,p,hpname09,,,,9. HM: first name,9. HM: Vorname,2021_1,,float,,,
scp,p,hpsex09,,,,9. HM: gender,9. HM: Geschlecht,2021_1,,byte,,,
scp,p,hprelat09,,,,9. HM: relation to anchor,9. HM: Beziehung zum Anker,2021_1,,byte,,,
scp,p,hpbmnth09,,,,9. HM: birth month,9. HM: Geburtsmonat,2021_1,,byte,,,
scp,p,hpbyear09,,Birth years 1921 and earlier were combined into one category for data protection reasons.,Geburtsjahre 1921 und früher wurden aus Datenschutzgründen zu einer Kategorie zusammengefasst.,9. HM: birth year,9. HM: Geburtsjahr,2021_1,,byte,,,
scp,p,hpall09,,,,9. HM: additional HH member?,9. HM: weiteres HH-Mitglied?,2021_1,,byte,,,
scp,p,hpname10,,,,10. HM: first name,10. HM: Vorname,2021_1,,float,,,
scp,p,hpsex10,,,,10. HM: gender,10. HM: Geschlecht,2021_1,,byte,,,
scp,p,hprelat10,,,,10. HM: relation to anchor,10. HM: Beziehung zum Anker,2021_1,,byte,,,
scp,p,hpbmnth10,,,,10. HM: birth month,10. HM: Geburtsmonat,2021_1,,byte,,,
scp,p,hpbyear10,,Birth years 1921 and earlier were combined into one category for data protection reasons.,Geburtsjahre 1921 und früher wurden aus Datenschutzgründen zu einer Kategorie zusammengefasst.,10. HM: birth year,10. HM: Geburtsjahr,2021_1,,byte,,,
scp,p,hpall10,,,,10. HM: additional HH member?,10. HM: weiteres HH-Mitglied?,2021_1,,byte,,,
scp,p,hpname11,,,,11. HM: first name,11. HM: Vorname,2021_1,,float,,,
scp,p,hpsex11,,,,11. HM: gender,11. HM: Geschlecht,2021_1,,byte,,,
scp,p,hprelat11,,,,11. HM: relation to anchor,11. HM: Beziehung zum Anker,2021_1,,byte,,,
scp,p,hpbmnth11,,,,11. HM: birth month,11. HM: Geburtsmonat,2021_1,,byte,,,
scp,p,hpbyear11,,Birth years 1921 and earlier were combined into one category for data protection reasons.,Geburtsjahre 1921 und früher wurden aus Datenschutzgründen zu einer Kategorie zusammengefasst.,11. HM: birth year,11. HM: Geburtsjahr,2021_1,,byte,,,
scp,p,hpall11,,,,11. HM: additional HH member?,11. HM: weiteres HH-Mitglied?,2021_1,,byte,,,
scp,p,hpname12,,,,12. HM: first name,12. HM: Vorname,2021_1,,float,,,
scp,p,hpsex12,,,,12. HM: gender,12. HM: Geschlecht,2021_1,,byte,,,
scp,p,hprelat12,,,,12. HM: relation to anchor,12. HM: Beziehung zum Anker,2021_1,,byte,,,
scp,p,hpbmnth12,,,,12. HM: birth month,12. HM: Geburtsmonat,2021_1,,byte,,,
scp,p,hpbyear12,,Birth years 1921 and earlier were combined into one category for data protection reasons.,Geburtsjahre 1921 und früher wurden aus Datenschutzgründen zu einer Kategorie zusammengefasst.,12. HM: birth year,12. HM: Geburtsjahr,2021_1,,byte,,,
scp,p,hpall12,,,,12. HM: additional HH member?,12. HM: weiteres HH-Mitglied?,2021_1,,byte,,,
scp,p,ppanelcons,,,,Panel willingness,Panelbereitschaft,2021_1,,byte,,,
scp,p,pdevice01,,,,Device: PC,Gerät: PC,2021_1,,byte,,,
scp,p,pdevice02,,,,Device: laptop,Gerät: Laptop,2021_1,,byte,,,
scp,p,pdevice03,,,,Device: tablet,Gerät: Tablet,2021_1,,byte,,,
scp,p,pdevice04,,,,Device: smartphone,Gerät: Smartphone,2021_1,,byte,,,
scp,p,pdevice05,,,,Device: other,Gerät: anderes,2021_1,,byte,,,
scp,pgen,pid,,"The central individual identifier across time is PID, which is fixed over time (and of course datasets).","Die PID ist die unveränderliche Kennziffer einer Person, die über die Zeit und über alle Datensätze identisch gehalten wird.",Never Changing Person ID,Unveränderliche Personennummer,2021_1,,long,,,
scp,pgen,hid,,"This identifier groups all individuals into their respective households at the time of the most recent wave (i.e. a person's HID can change over time, for example if an adult child moves out of their parents' home and starts their own household).","Diese Kennziffer gruppiert Individuen in ihre zugehörigen Haushalte zum Zeitpunkt der aktuellen Erhebungswelle. Das bedeutet, dass die HID einer Person sich über die Zeit verändern kann, zum Beispiel wenn ein erwachsenes Kind aus dem elterlichen Haushalt auszieht und einen eigenen Haushalt eröffnet. ",Current Household Number,Aktuelle Haushaltsnummer,2021_1,,long,,,
scp,pgen,cid,,"This identifier groups individuals into their original households at the start of the panel. That means, a person's CID is time-constant and will always relate them back to the household they initially belonged to, even if they moved out since.","Diese Kennziffer gruppiert Individuen in ihre Ursprungshaushalte zu Beginn des Panels. Das bedeutet, dass die CID einer Person zeitkonstant gehalten wird und sie immer mit dem Haushalt verbinden wird, zu dem sie initial gehört hat, selbst wenn sie seitdem den Haushalt gewechselt hat.",Original Household Number,Ursprungshaushaltsnummer,2021_1,,long,,,
scp,pgen,syear,,This variable identifies each data collection wave via the year in which the data collection for this wave started.,"Diese Variable identifiziert eine Datenerhebungswelle mittels des Jahres, in dem die Datenerhebung begonnen hat.",Survey Year,Erhebungsjahr (Survey Year),2021_1,,long,,,
scp,pgen,pgpiyear,,This variable identifies the year in which an individual participated in a data collection wave. PGPIYEAR can vary within a data collection wave if data collection includes the turn of a year.,"Diese Variable identifiziert das Jahr, in dem eine Person an einer Datenerhebung teilgenommen hat. Bei Datenerhebungwellen, die über einen Jahreswechsel hinweg stattfinden, kann PGPIYEAR auf der Personenebene variieren.",Person-Related Survey Year,Personenbezogenes Erhebungsjahr,2021_1,,float,,,
scp,pgen,pgmonth,,This variable identifies the month in which an individual participated in a data collection wave.,"Diese Variable identifiziert den Monat, in dem eine Person an einer Datenerhebung teilgenommen hat. ",Person-Related Survey Month,Personenbezogener Erhebungsmonat,2021_1,,float,,,
scp,pgen,pgmode,,"The survey mode is determined by the technology respondents use to fill out a questionnaire. To prevent duplications, if respondents submit a questionnaire via multiple modes, priority is given to the data they provided via the web.","Der Erhebungsmodus wird durch die Technologie festgelegt, mittels derer die Befragten an einer Datenerhebung teilnehmen. Wenn Befragte einen Fragebogen in mehr als einem Modus einreichen, wird den Online-Daten der Vorzug gegeben, um Dopplungen in den Daten zu vermeiden.",Survey Mode,Erhebungsmodus,2021_1,,int,,,
scp,pgen,design,,"The SCP has a two-stage probability sampling design. At the first stage, municipalities are sampled (primary sampling units; PSUs) stratified by region and degree of urbanity. At the second stage individuals are sampled (secondary sampling units; SSUs) from the PSU's population registers. Generally, sampling was conducted proportional to size, except for deliberate oversampling of Eastern Germany. All selected individuals who participated in the survey were asked to report their adult household members. These household members were subsequently also invited to the surveys. The inverse sampling probability design weights account for the unequal inclusion probabilities resulting from the sampling design. Due to rounding of decimalplaces, values may be summarized in the codebook.","Das SCP hat ein zweistufiges Stichprobenziehungsverfahren. Auf der ersten Stufe werden, stratifiziert nach Region und Urbanitätsgrad, Gemeinden gezogen (primary sampling units; PSUs). Auf der zweiten Stufe werden Personen (secondary sampling units; SSUs) aus den Registern dieser Gemeinden gezogen. Generell erfolgte die Stichprobenziehung proportional zur Gemeindegröße. Eine Ausnahme ist die beabsichtigte überproportionale Ziehung in Ostdeutschland. Alle in die Stichprobe gezogenen Personen, die an der Befragung teilnehmen, wurden gebeten ihre weiteren volljährigen Haushaltsmitglieder anzugeben. Diese weiteren Haushaltsmitglieder werden dann ebenfalls befragt. Das Design-Gewicht berücksichtigt die aus dem Stichprobenziehungsdesign resultierenden ungleichen Ziehungswahrscheinlichkeiten. Aufgrund der Rundung von Nachkommastellen kann es im Codebuch zu einer Zusammenfassung von Werten kommen.",Inverse Sampling Probability,Inverse Ziehungswahrscheinlichkeit,2021_1,,float,,,
scp,pgen,phrf0,,"This weighting factor is a combination of the inverse sampling probability, an initial nonresponse adjustment factor, and an extrapolation towards the survey target population. The inverse sampling probabilty (see DESIGN variable) corrects for the unequal selection probabilities in the panel gross sample (e.g. the deliberate oversampling of people in Eastern Germany). The initial nonresponse adjustment factor corrects for unit nonresponse in the panel recruitment. For its computation, survey participation probabilities are estimated from a logistic regression model. The dependent variable in the modelling process is survey participation in the panel recruitment. The independent variables are auxiliary data from the panel sampling frame as well as micro-geographic area information from external data sources. The extrapolation procedure is based on iterative proportional fitting (aka raking) using Microcensus information on the demgraphic composition of the German population. Due to rounding of decimalplaces, values may be summarized in the codebook.","Dieser Gewichtungsfaktor ist eine Kombination aus inverser Stichprobenziehungswahrscheinlichkeit, einem initialen Nonresponse-Adjustierungsfaktor und einer Extrapolation zur Zielpopulation der Befragung. Die inverse Stichprobenziehungswahrscheinlichkeit (siehe DESIGN-Variable) korrigiert für die ungleichen Ziehungswahrscheinlichkeiten in die Panel-Stichprobe (z.B. durch das beabsichtigte Über-Ziehen von Ostdeutschen). Der initiale Nonresponse-Adjustierungsfaktor korrigiert für Nicht-Teilnahme an der Panelrekrutierung. Dafür wurden Teilnahmewahrscheinlichkeiten basierend auf einem logistischen Regressionsmodell geschätzt. Die abhängige Variable in der Modellierung ist die Teilnahme an der Panelrekrutierung. Die unabhängigen Variablen sind Hilfsvariablen aus dem Stichprobenrahmen sowie mikro-geographische Informationen aus externen Datenquellen. Die Extrapolation basiert auf iterativem proportionalem Fitting (auch als ""Raking"" bezeichnet) mittels Mikrozensus-Daten zur demographischen Zusammensetzung der deutschen Bevölkerung. Aufgrund der Rundung von Nachkommastellen kann es im Codebuch zu einer Zusammenfassung von Werten kommen.",Weighting Factor for New Samples (Wave 1 of a New Sample),Hochrechnungsfaktor für neue Stichproben (Welle 1 einer neuen Stichprobe),2021_1,,float,,,
scp,pgen,bula_scp,,"The information on the federal state is not part of the survey data but was taken from the sampling frame (i.e. population register data). German federal states with fewer participating households were combined with their neighboring state. Bremen and Lower Saxony form one category, Hamburg and Schleswig-Holstein form another and Saarland was combined with Rhineland-Palatinate.","Die Information über das Bundesland wird nicht abgefragt, sondern wird vom Stichprobenrahmen (d.h. Melderegisterdaten) entnommen. Bundesländer mit weniger teilnehmenden Haushalten wurden mit ihrem Nachbarbundesland zusammengefasst. Bremen und Niedersachsen bilden eine Kategorie, Hamburg und Schleswig-Holstein sowie Saarland und Rheinland-Pfalz. ",Federal State,Bundesland,2021_1,,byte,,,
scp,pgen,ostwest,,"The information on the federal state is not part of the survey data but was taken from the sampling frame (i.e. population register data). German federal states with fewer participating households were combined with their neighboring state. Bremen and Lower Saxony form one category, Hamburg and Schleswig-Holstein form another and Saarland was combined with Rhineland-Palatinate.","Die Information über das Bundesland wird nicht abgefragt, sondern wird vom Stichprobenrahmen (d.h. Melderegisterdaten) entnommen. Bundesländer mit weniger teilnehmenden Haushalten wurden mit ihrem Nachbarbundesland zusammengefasst. Bremen und Niedersachsen bilden eine Kategorie, Hamburg und Schleswig-Holstein sowie Saarland und Rheinland-Pfalz. ",East- vs. West Germany,Ost- vs. Westdeutschland,2021_1,,byte,,,
scp,pgen,pgnation_scp,,"This variable is designed to integrate the information on respondents’ nationality from related survey questions. Note that this variable indicates only one nationality per respondent. In case respondents have the German citizenship in addition to another one, priority is given to the German citizenship.","Diese Variable integriert Informationen zur Nationalität der Befragten aus den dafür relevanten Messungen. Es gilt zu beachten, dass nur eine Nationalität pro Befragter Person angegeben wird. Bei Befragten, die die deutsche Staatsangehörigkeit zusätzlich zu einer anderen Staatsangehörigkeit besitzen, wird die deutsche Staatsangehörigkeit verwendet.",1. Nationality,1. Staatsangehörigkeit,2021_1,,float,,,
scp,pgen,pgfamstd_scp,,"Marital status describes the institutional status of marriage as reported by the survey respondents. Marital status is only available for people, who were surveyed.","Der Familienstand beschreibt den institutionellen Status der Ehe, wie er von den Befragten angegeben wurde. Der Familienstand ist nur für Personen verfügbar, die befragt wurden.",Marital Status in Survey Year,Familienstand,2021_1,,long,,,
scp,pgen,pgstib1_scp,,"The variable represents a compilation of all relevant information on current occupational position. It is generated by combining the variable pempstat1 with the variables poccstat, pworker, pselfemp, pempl and pcivil. A hierarchical scheme is used to determine which data is given precedence when a variety of divergent information exists (increasing dominance):

10 – not employed

11 – currently in education

12 – registered unemployed

13 – pensioner

15 – military / community service

110 – apprentice

210-250 – manual laborer

410-433– self-employed

520-550 – employee

610-640 – civil service

Codes 412, 413, 421-423 and 431-433 are only assigned from wave 1 part 2 onwards.","Die Variable ist eine Zusammenstellung aller relevanten Informationen über die aktuelle berufliche Position. Sie wird durch die Kombination der Variable pempstat1 mit den Variablen poccstat, pworker, pselfemp, pempl und pcivil gebildet. Es wird ein hierarchisches Schema verwendet, um zu bestimmen, welche Daten Vorrang haben, wenn eine Vielzahl von abweichenden Informationen vorliegt (zunehmende Dominanz):

10 – nicht erwerbstätig

11 – in Ausbildung

12 – Arbeitslos - nicht erwerbstätig

13 – Rentner

15 – Wehr-, Zivildienst

110 – Auszubildende

210-250 – Arbeiter

410-433– Selbstständige

520-550 – Angestellte

610-640 – Beamte

Die Codes 412, 413, 421-423 und 431-433 werden erst ab Welle 1 Teil 2 vergeben.",Occupational Position (collected in syear=2021_1 only),Berufliche Stellung (so nur in syear=2021_1 erhoben),2021_1,,float,,,
scp,pgen,pgemplst_scp,,"The generation of this variable in wave 1 part 1 is a special case because the variable was generated using only pempstat1. In wave 1 part 2 variables pempstat, pshorttime and pminijob are used for the generation.","Die Generierung dieser Variable in Welle 1 Teil 1 ist ein Sonderfall, da die Variable nur mit Hilfe der Variable pempstat1 generiert wurde. In Welle 1 Teil 2 werden die Variablen pempstat, pshorttime und pminijob zur Generierung verwendet.",Employment Status,Erwerbsstatus,2021_1,,byte,,,
scp,pgen,pglfs1_scp,,"This variable is based on the survey question on current employment status, combined with additional information on activities of non-working individuals that comes from the variables pedu01 and pedu02 and the age of the respondent. It is designed to provide consistent longitudinal data on labor force participation across all waves.

PGLFS provides a differentiation between “working” (Code 11-12) and “non-working” (Code 1-9), categories which are constant over all waves. Non-employment is subdivided further in order to make it possible to efficiently apply different labor market concepts in studying the data.

For respondents who have multiple status codes and different values for this variable, the following hierarchy was used to determine which of the values would play the determining role (increasing dominance):

11 - working

1 - non-working without further information

2 - non-working, and older than 65

3 - non-working, and currently in a training program

6 - non-working, and registered unemployed

4 - non-working, on maternity leave

5 - non-working, in military/community service

9 - non-working, but working past 7 days

12 - working, but non-working past 7 days

Codes 9 and 12 are only assigned from wave 1 part 2 onwards. PGLFS supplements the variable PGEMPLST, which differentiates among persons who are employed.","Diese Variable basiert auf der Frage nach dem aktuellen Erwerbsstatus, kombiniert mit zusätzlichen Informationen über die Tätigkeiten von nicht erwerbstätigen Personen, die aus den Variablen pedu01 und pedu02 und dem Alter der Befragten stammen. Sie wurde entwickelt, um konsistente Längsschnittdaten zur Erwerbsbeteiligung über alle Wellen hinweg zu liefern.

In PGLFS wird zwischen ""Erwerbstätigen"" (Code 11-12) und ""Nichterwerbstätigen"" (Code 1-9) unterschieden, Kategorien, die über alle Wellen hinweg konstant sind. Die Nichterwerbstätigkeit wird weiter unterteilt, um die effiziente Anwendung verschiedener Arbeitsmarktkonzepte bei der Untersuchung der Daten zu ermöglichen.

Für Befragte, die mehrere Statuscodes und unterschiedliche Werte für diese Variable haben, wurde die folgende Hierarchie verwendet, um zu bestimmen, welcher der Werte die entscheidende Rolle spielt (zunehmende Dominanz):

11 – Erwerbstätig

1 - Nicht erwerbstätig

2 - Nicht erwerbstätig, 65 Jahre und älter

3 - Nicht erwerbstätig, derzeit in Ausbildung

6 - Nicht erwerbstätig, arbeitslos registriert

4 - Nicht erwerbstätig, Mutterschutz/Elternzeit

5 - Nicht erwerbstätig, im Militär-/Zivildienst

9 - Nicht erwerbstätig, aber bezahlte Arbeit in den letzten 7 Tagen

12 - Erwerbstätig, aber inaktiv in den letzten 7 Tagen

Die Codes 9 und 12 werden erst ab Welle 1 Teil 2 vergeben. PGLFS ergänzt die Variable PGEMPLST, die zwischen den Erwerbstätigen differenziert.",Labor Force Status (collected in syear=2021_1 only),Labor Force Status (so nur in syear=2021_1 erhoben),2021_1,,byte,,,
scp,pgen,pgisced11_scp,,The educational variable classifies all correspondents' educational degrees according to the “International Standard Classification of Education (ISCED)” of 2011 in order to make degrees internationally comparable. The variable is generated onwards taking into account degrees and diplomas attained in both general schooling and in vocational/university education and indicates the highest degree obtained. The fifth option „Short-cycle tertiary education“ cannot be generated because the information was not surveyed.,"Die Bildungsvariable klassifiziert die Bildungsabschlüsse aller Korrespondenten nach der „International Standard Classification of Education (ISCED)“ von 2011, um die Abschlüsse international vergleichbar zu machen. Das Merkmal wird unter Berücksichtigung von allgemeinbildenden und berufsbildenden/hochschulischen Abschlüssen und Diplomen gebildet und weist den höchsten erreichten Abschluss aus. Die fünfte Ausprägung „Kurzstudiengänge im Tertiärbereich“ konnte nicht generiert werden, da die Information nicht erhoben wurde.","Highest degree/diploma attained, ISCED-2011",ISCED-2011 Klassifikation,2021_1,,byte,,,
scp,pgen,pgisced97_scp,,"This variable contains the highest degree/diploma attained, taking into account degrees and diplomas attained in both general schooling and in vocational and university education. Here, higher-level vocational and university certificates override lower-level school diplomas. Persons who, for example, have no values for the variables on secondary school degrees/diplomas but state that they have a university degree are placed in the highest ISCED category.","Diese Bildungsvariable bildet den höchsten erreichten Abschluss unter Berücksichtigung von Abschlüssen und Diplomen, die sowohl in der allgemeinbildenden Schule als auch in der Berufs- und Hochschulbildung erworben wurden. Hier überlagern die höheren Berufs- und Hochschulabschlüsse die niedrigeren Schulabschlüsse. Personen, die z.B. keine Werte für die Variablen zu Schulabschlüssen/Diplomen haben, aber angeben, einen Hochschulabschluss zu haben, werden in die höchste ISCED-Kategorie eingeordnet.","Highest degree/diploma attained, ISCED-1997",ISCED-1997 Klassifikation,2021_1,,byte,,,
scp,pgen,pgcasmin_scp,,"Alternatively to pgisced11_scp, with pgcasmin_scp another educational variable is generated that enables comparisons with international educational degrees/diplomas and us based on the modified CASMIN classification scheme (Comparative Analysis of Social Mobility in Industrial Nations). Taken into account are both secondary-level and university/college-level degrees and diplomas. As with ISCED, the higher-level occupational degrees override the lower-level secondary school degrees. ","Alternativ zu pgisced11_scp wird mit pgcasmin_scp eine weitere Bildungsvariable generiert, die einen Vergleich mit internationalen Bildungsabschlüssen/Diplomen ermöglicht und auf dem modifizierten CASMIN-Klassifikationsschema (Comparative Analysis of Social Mobility in Industrial Nations) basiert. Berücksichtigt werden sowohl Abschlüsse und Diplome auf Sekundarstufe als auch auf Universitäts-/Hochschulniveau. Wie beim ISCED überlagern die höheren Berufsabschlüsse die niedrigeren Schulabschlüsse.",Highest degree/diploma according to CASMIN,Casmin Klassifikation,2021_1,,byte,,,
scp,pgen,pgisco08_scp,,"This variable is designed to provide annual data on occupational activity for all employed persons according to the International Standard Classification of Occupations ISCO-08 (Version of the ILO). Respondents enter the answer to the question about their current occupational title in their own words into a blank in the questionnaire. ISCO-08 is a strictly four-digit classification, and this variable is therefore coded in four-digit form. ISCO-08 was adopted through a resolution of a Tripartite Meeting of Experts on Labour Statistics held in December 2007. This resolution was subsequently endorsed by the Governing Body of the ILO in March 2008.

Sourcelink: http://www.ilo.org/public/english/bureau/stat/isco/isco08/index.htm.

ISCO-08 codes are provided by infas. Source variable: This variable is based on the plain text information (poccupation) on respondents’ current occupation that are not included in the dataset.","Diese Variable liefert jährliche Daten über die berufliche Tätigkeit aller Erwerbstätigen gemäß der International Standard Classification of Occupations ISCO-08 (Version der ILO). Die Befragten tragen die Antwort auf die Frage nach ihrer derzeitigen Berufsbezeichnung mit ihren eigenen Worten in ein Freitextfeld des Fragebogens ein. Bei der ISCO-08 handelt es sich um eine streng vierstellige Klassifikation, so dass diese Variable in als Viersteller kodiert wird. Die ISCO-08 wurde auf einer trilateralen Expertentagung zur Arbeitsstatistik im Dezember 2007 verabschiedet. Die Resolution wurde anschließend vom Verwaltungsrat der ILO im März 2008 gebilligt.

Sourcelink: http://www.ilo.org/public/english/bureau/stat/isco/isco08/index.htm.

Die ISCO-08-Codes werden von infas bereitgestellt. Quellvariable: Diese Variable basiert auf den Klartextinformationen (poccupation) über den derzeitigen Beruf der Befragten, die nicht im Datensatz enthalten sind.","Current Occupational Classification (ISCO-08, 4-digit)","Berufliche Klassifikation (ISCO-08, 4-stellig)",2021_1,,long,,,
scp,pgen,pgisco88_scp,,"This variable is designed to provide annual data on occupational activity for all employed persons according to the International Standard Classification of Occupations ISCO-88 (Version of the ILO). Respondents enter the answer to the question about their current occupational title in their own words into a blank in the questionnaire. ISCO-88 is a strictly four-digit classification, and this variable is therefore coded in four-digit form. Source variable: This variable is based on ISCO-08 codes (pgisco08_scp) provided by infas, informed by plain text information (poccupation) on respondents’ current occupation that are not included in the dataset. Transformation and recoding from ISCO-08 to ISCO-88 were done with the STATA package ISCOGEN (Jann 2019: http://ideas.repec.org/c/boc/bocode/s458665.html).","Diese Variable liefert jährliche Daten über die berufliche Tätigkeit aller Erwerbstätigen gemäß der International Standard Classification of Occupations ISCO-88 (Version der ILO). Die Befragten tragen die Antwort auf die Frage nach ihrer derzeitigen Berufsbezeichnung mit ihren eigenen Worten in ein Freitextfeld des Fragebogens ein. Bei der ISCO-88 handelt es sich um eine streng vierstellige Klassifikation, so dass diese Variable als Viersteller kodiert wird. Quellvariable: Diese Variable basiert auf ISCO-08-Codes (pgisco08_scp), die von infas zur Verfügung gestellt wurden, basierend auf Klartextinformationen (poccupation) über den derzeitigen Beruf der Befragten, die nicht im Datensatz enthalten sind. Die Transformation und Rekodierung von ISCO-08 zu ISCO-88 erfolgte mit dem STATA-Paket ISCOGEN (Jann 2019: http://ideas.repec.org/c/boc/bocode/s458665.html).","Current Occupational Classification (IS-88 recoded from IS-08, 4-digit)","Berufliche Klassifikation (basiert auf IS-88 umkodiert von IS-08, 4-stellig)",2021_1,,long,,,
scp,pgen,pgisei08_scp,,"This variable reflects the (last reached) Standard International Socio-Economic Index of Occupational Status for all (formerly) employed persons. The ISEI Index was developed in 1992 by Ganzeboom, De Graaf, Treiman, and De Leew based on information about income, education, and occupation. Technically, ISEI-08 was created by scaling the ISCO-08 classification. The values for the variable range between 11 and 90. In contrast to the prestige scores of Ganzeboom and Treiman (1996) and Wegener (1988), ISEI is a measure of socio-economic status. Source variable: This variable is based on ISCO-08 codes (pgisco08_scp) provided by infas, informed by plain text information (poccupation) on respondents’ (last) occupation that are not included in the dataset. Transformation and recoding from ISCO-08 to ISEI-08 were done with the STATA package ISCOGEN (Jann 2019: http://ideas.repec.org/c/boc/bocode/s458665.html).","Diese Variable spiegelt den (zuletzt erreichten) Standard International Socio-Economic Index of Occupational Status für alle (vormals) Erwerbstätigen wider. Der ISEI-Index wurde 1992 von Ganzeboom, De Graaf, Treiman und De Leew auf der Grundlage von Informationen über Einkommen, Bildung und Beruf entwickelt. Technisch gesehen wurde der ISEI-08 durch eine Skalierung der ISCO-08-Klassifikation erstellt. Die Werte für die Variable liegen zwischen 11 und 90. Im Gegensatz zu den Prestige-Scores von Ganzeboom und Treiman (1996) und Wegener (1988) ist der ISEI ein Maß für den sozio-ökonomischen Status. Quellvariable: Diese Variable basiert auf ISCO-08-Codes (pgisco08_scp), die von infas zur Verfügung gestellt wurden, ergänzt durch Klartextinformationen (poccupation) über den (letzten) Beruf der Befragten, die nicht im Datensatz enthalten sind. Die Transformation und Rekodierung von ISCO-08 zu ISEI-08 erfolgte mit dem STATA-Paket ISCOGEN (Jann 2019: http://ideas.repec.org/c/boc/bocode/s458665.html).",Last reached ISEI value (Ganzeboom et al; ISCO-08),Zuletzt erreichter ISEI Wert (Ganzeboom et al; ISCO-08),2021_1,,long,,,
scp,pgen,pgisei88_scp,,"This variable reflects the (last reached) Standard International Socio-Economic Index of Occupational Status for all (formerly) employed persons. The ISEI Index was developed in 1992 by Ganzeboom, De Graaf, Treiman, and De Leew based on information about income, education, and occupation. Technically, ISEI was created by scaling the ISCO-88 classification. The values for the variable range between 16 and 90. In contrast to the prestige scores of Ganzeboom and Treiman (1996) and Wegener (1988), ISEI is a measure of socio-economic status. Source variable: This variable is based on ISCO-08 codes (pgisco08_scp) provided by infas, informed by plain text information (poccupation) on respondents’ (last) occupation that are not included in the dataset. Transformation and recoding from ISCO-08 to ISEI-88 were done with the STATA package ISCOGEN (Jann 2019: http://ideas.repec.org/c/boc/bocode/s458665.html).","Diese Variable spiegelt den (zuletzt erreichten) Standard International Socio-Economic Index of Occupational Status für alle (vormals) Erwerbstätigen wider. Der ISEI-Index wurde 1992 von Ganzeboom, De Graaf, Treiman und De Leew auf der Grundlage von Informationen über Einkommen, Bildung und Beruf entwickelt. Technisch gesehen wurde der ISEI-88 durch eine Skalierung der ISCO-88-Klassifikation erstellt. Die Werte für die Variable liegen zwischen 16 und 90. Im Gegensatz zu den Prestige-Scores von Ganzeboom und Treiman (1996) und Wegener (1988) ist der ISEI ein Maß für den sozio-ökonomischen Status. Quellvariable: Diese Variable basiert auf ISCO-08-Codes (pgisco08_scp), die von infas zur Verfügung gestellt wurden, ergänzt durch Klartextinformationen (poccupation) über den (letzten) Beruf der Befragten, die nicht im Datensatz enthalten sind. Die Transformation und Rekodierung von ISCO-08 zu ISEI-88 erfolgte mit dem STATA-Paket ISCOGEN (Jann 2019: http://ideas.repec.org/c/boc/bocode/s458665.html).",Last reached ISEI value (Ganzeboom et al; ISCO-88),Zuletzt erreichter ISEI Wert (Ganzeboom et al; ISCO-88),2021_1,,long,,,
scp,pgen,pgmps08_scp,,"This variable gives the (last reached) occupational prestige score developed by Wegener (1988) for all (formerly) employed persons. The Magnitude-Prestige-Scale (MPS) is a tool for operationalising the social position of occupations in empirical surveys. In contrast to alternative instruments such as the Standard International Occupational Prestige Scale (SIOPS) or the International Socio-economic Index of Occupational Status (ISEI), the MPS is an instrument that was constructed for analyses on the national level only (Christoph, 2005). Source variable: This variable is based on ISCO-08 codes (pgisco08_scp) provided by infas, informed by plain text information (poccupation) on respondents’ (last) occupation that are not included in the dataset. Transformation and recoding from ISCO-08 to MPS were done with the STATA package ISCOGEN (Jann 2019: http://ideas.repec.org/c/boc/bocode/s458665.html).","Diese Variable gibt den von Wegener (1988) entwickelten (zuletzt erreichten) Berufsprestigewert für alle (vormals) Erwerbstätigen an. Die Magnitude-Prestige-Skala (MPS) ist ein Instrument zur Operationalisierung der sozialen Stellung von Berufen in empirischen Erhebungen. Im Gegensatz zu alternativen Instrumenten wie der Standard International Occupational Prestige Scale (SIOPS) oder dem International Socio-economic Index of Occupational Status (ISEI) ist die MPS ein Instrument, das ausschließlich für Analysen auf nationaler Ebene konstruiert wurde (Christoph, 2005). Quellvariable: Diese Variable basiert auf den von infas zur Verfügung gestellten ISCO-08-Codes (pgisco08_scp), die durch Klartextinformationen (poccupation) über den (letzten)  Beruf der Befragten, die nicht im Datensatz enthalten sind, ergänzt werden. Die Transformation und Rekodierung von ISCO-08 zu MPS erfolgte mit dem STATA-Paket ISCOGEN (Jann 2019: http://ideas.repec.org/c/boc/bocode/s458665.html).",Last reached MPS value (based on IS-88 recoded from IS-08),Zuletzt erreichter MPS Wert (basiert auf IS-88 umkodiert von IS-08),2021_1,,long,,,
scp,pgen,pgsiops08_scp,,"This variable gives the (last reached) occupational prestige score index for all (formerly) employed persons. PGSIOPS is based on ISCO-88 and was developed by Donald Treiman et al. The scale ranges from 6 to 78. pgsiops08_scp is derived from ISCO-88 scores that themselves are derived from ISCO-08 scores. Source variable: This variable is based on ISCO-08 codes (pgisco08_scp) provided by infas, informed by plain text information (poccupation) on respondents’ (last) occupation that are not included in the dataset. Transformation and recoding from ISCO-08 to SIOPS-08 were done with the STATA package ISCOGEN

(Jann 2019: http://ideas.repec.org/c/boc/bocode/s458665.html).","Diese Variable gibt den (zuletzt erreichten) Berufsprestige-Score für alle (vormals) Erwerbstätigen an. PGSIOPS basiert auf der ISCO-88 und wurde von Donald Treiman et al. entwickelt. Die Skala reicht von 6 bis 78. pgsiops08_scp wird von ISCO-88-Werten abgeleitet, die wiederum von ISCO-08-Werten abgeleitet wurden. Quellvariable: Diese Variable basiert auf ISCO-08-Codes (pgisco08_scp), die von infas zur Verfügung gestellt werden, ergänzt durch Klartextinformationen (poccupation) über den (letzten) Berufe der Befragten, die nicht im Datensatz enthalten sind. Die Transformation und Umkodierung von ISCO-08 zu SIOPS-08 erfolgte mit dem STATA-Paket ISCOGEN

(Jann 2019: http://ideas.repec.org/c/boc/bocode/s458665.html).",Last reached SIOPS score (Treiman et al; ISCO-08),Zuletzt erreichter SIOPS Wert (Treiman et al; ISCO-08),2021_1,,long,,,
scp,pgen,pgegp08_1_scp,,"This variable gives the (last reached) occupational class for all (formerly) employed persons. PGEGP is derived from the Standard International Socio-Economic Index of Occupational Status (ISEI). Technically, the variable was created by scaling the ISCO-88 classification. In addition, it is based on information about income, education and occupation. The EGP Index was documented by Ganzeboom/Treiman in 1996 and revised in 2003. pgegp08_1_scp is derived from ISCO-88 scores that themselves are derived from ISCO-08 scores. This variable was specifically designed for the 1st part of the 1st wave because here information about the company size is missing. This information will be available in subsequent waves. Source variable: This variable is based on ISCO-08 codes (pgisco08_scp) provided by infas, informed by plain text information (poccupation) on respondents’ (last) occupation that are not included in the dataset. Transformation and recoding from ISCO-08 to EGP were done with the STATA package ISCOGEN (Jann 2019: http://ideas.repec.org/c/boc/bocode/s458665.html).","Diese Variable gibt die Berufsklasse für alle (vormals) Erwerbstätigen an. Der PGEGP wird vom Standard International Socio-Economic Index of Occupational Status (ISEI) abgeleitet. Technisch gesehen wurde die Variable durch Skalierung der ISCO-88-Klassifizierung erstellt. Darüber hinaus basiert es auf Informationen zu Einkommen, Bildung und Beruf. Der EGP-Index wurde 1996 von Ganzeboom/Treiman dokumentiert und 2003 überarbeitet. Die Variable bekommt eine 1, weil Informationen über die Firmengröße fehlen. In den Folgewellen werden diese ergänzt. Die Transformation sowie die Umkodierung geschieht mithilfe des STATA-Pakets ISCOGEN (Jann 2019: http://ideas.repec.org/c/boc/bocode/s458665.html). Quellvariable: Diese Variable basiert auf der Klartextangabe (poccupation) zu den Berufen und ist im Datensatz nicht enthalten. ",Last reached EGP value (Erikson et al; ISCO-88) (2021_1),Zuletzt erreichte EGP Klasse (Erikson et al; ISCO-88) (2021_1),2021_1,,long,,,
scp,pgen,pgiscolj08_scp,,"This variable is designed to provide data on the last occupational activity for all formerly employed persons according to the International Standard Classification of Occupations ISCO-08 (Version of the ILO). Respondents enter the answer to the question about their ast occupational title in their own words into a blank in the questionnaire. ISCO-08 is a strictly four-digit classification, and this variable is therefore coded in four-digit form. ISCO-08 was adopted through a resolution of a Tripartite Meeting of Experts on Labour Statistics held in December 2007. This resolution was subsequently endorsed by the Governing Body of the ILO in March 2008.

Sourcelink: http://www.ilo.org/public/english/bureau/stat/isco/isco08/index.htm.

ISCO-08 codes are provided by infas. Source variable: This variable is based on the plain text information (poccupation) on respondents’ last occupation that are not included in the dataset.","Diese Variable liefert Daten über die letzte berufliche Tätigkeit aller vormals Erwerbstätigen gemäß der International Standard Classification of Occupations ISCO-08 (Version der ILO). Die Befragten tragen die Antwort auf die Frage nach ihrer letzten Berufsbezeichnung mit ihren eigenen Worten in ein Freitextfeld des Fragebogens ein. Bei der ISCO-08 handelt es sich um eine streng vierstellige Klassifikation, so dass diese Variable in als Viersteller kodiert wird. Die ISCO-08 wurde auf einer trilateralen Expertentagung zur Arbeitsstatistik im Dezember 2007 verabschiedet. Die Resolution wurde anschließend vom Verwaltungsrat der ILO im März 2008 gebilligt.

Sourcelink: http://www.ilo.org/public/english/bureau/stat/isco/isco08/index.htm.

Die ISCO-08-Codes werden von infas bereitgestellt. Quellvariable: Diese Variable basiert auf den Klartextinformationen (poccupation) über den letzten Beruf der Befragten, die nicht im Datensatz enthalten sind.",Last Job Occupational Classification (ISCO-08),Berufliche Klassifikation letzter Job (ISCO-08),2021_1,,long,,,
scp,pgen,pgiscolj88_scp,,"This variable is designed to provide data on the last occupational activity for all formerly employed persons according to the International Standard Classification of Occupations ISCO-88 (Version of the ILO). Respondents enter the answer to the question about their last occupational title in their own words into a blank in the questionnaire. ISCO-88 is a strictly four-digit classification, and this variable is therefore coded in four-digit form. Source variable: This variable is based on ISCO-08 codes (pgisco08_scp) provided by infas, informed by plain text information (poccupation) on respondents’ last occupation that are not included in the dataset. Transformation and recoding from ISCO-08 to ISCO-88 were done with the STATA package ISCOGEN (Jann 2019: http://ideas.repec.org/c/boc/bocode/s458665.html).","Diese Variable liefert Daten über die letzte berufliche Tätigkeit aller vormals Erwerbstätigen gemäß der International Standard Classification of Occupations ISCO-88 (Version der ILO). Die Befragten tragen die Antwort auf die Frage nach ihrer letzten Berufsbezeichnung mit ihren eigenen Worten in ein Freitextfeld des Fragebogens ein. Bei der ISCO-88 handelt es sich um eine streng vierstellige Klassifikation, so dass diese Variable als Viersteller kodiert wird. Quellvariable: Diese Variable basiert auf ISCO-08-Codes (pgisco08_scp), die von infas zur Verfügung gestellt wurden, basierend auf Klartextinformationen (poccupation) über den letzten Beruf der Befragten, die nicht im Datensatz enthalten sind. Die Transformation und Rekodierung von ISCO-08 zu ISCO-88 erfolgte mit dem STATA-Paket ISCOGEN (Jann 2019: http://ideas.repec.org/c/boc/bocode/s458665.html).",Last Job Occupational Classification (ISCO-88),Berufliche Klassifikation letzter Job (ISCO-88),2021_1,,long,,,
